Date_Time_Hour_Beginning;RSA Contracted Forecast;Residual Forecast
2022-12-28 00:00:00;19148,982;17885,695
2022-12-28 01:00:00;18768,455000000002;17626,741000000002
2022-12-28 02:00:00;18502,848000000002;17532,573
2022-12-28 03:00:00;18584,292000000001;17729,008000000002
2022-12-28 04:00:00;19014,531999999999;18201,370999999999
2022-12-28 05:00:00;19720,474999999999;18765,417000000001
2022-12-28 06:00:00;20812,109;19437,723000000002
2022-12-28 07:00:00;22018,803;20076,116999999998
2022-12-28 08:00:00;23451,682000000001;20992,897000000001
2022-12-28 09:00:00;24164,845000000001;21347,185000000001
2022-12-28 10:00:00;24633,741999999998;21645,473000000002
2022-12-28 11:00:00;24451,373;21319,866000000002
2022-12-28 12:00:00;24351,055;21116,557000000001
2022-12-28 13:00:00;24305,130000000001;20958,616999999998
2022-12-28 14:00:00;24191,632000000001;20786,902999999998
2022-12-28 15:00:00;24393,825000000001;20851,805
2022-12-28 16:00:00;24736,845000000001;21234,511999999999
2022-12-28 17:00:00;24822,670999999998;21641,903999999999
2022-12-28 18:00:00;24711,405999999999;22072,835999999999
2022-12-28 19:00:00;25295,172999999999;23140,934000000001
2022-12-28 20:00:00;24572,234;22488,228999999999
2022-12-28 21:00:00;23227,468000000001;21103,393
2022-12-28 22:00:00;21773,457999999999;20022,105
2022-12-28 23:00:00;20376,053;18820,956999999999
2022-12-29 00:00:00;19901,216;18468,781999999999
2022-12-29 01:00:00;19433,692999999999;17995,602999999999
2022-12-29 02:00:00;19242,457999999999;17770,802
2022-12-29 03:00:00;19390,937000000002;17911,348000000002
2022-12-29 04:00:00;19843,004000000001;18328,734
2022-12-29 05:00:00;20421,5;18766,234
2022-12-29 06:00:00;21484,827000000001;19396,484
2022-12-29 07:00:00;22888,834999999999;20190,215
2022-12-29 08:00:00;24389,423999999999;21119,43
2022-12-29 09:00:00;25043,079000000002;21423,819
2022-12-29 10:00:00;25361,524000000001;21566,413
2022-12-29 11:00:00;25277,472000000002;21381,732
2022-12-29 12:00:00;25241,398000000001;21317,151999999998
2022-12-29 13:00:00;24978,592000000001;21073,061000000002
2022-12-29 14:00:00;24923,625;21043,708999999999
2022-12-29 15:00:00;25185,054;21376,507000000001
2022-12-29 16:00:00;25167,868999999999;21578,437999999998
2022-12-29 17:00:00;25257,079000000002;21979,047999999999
2022-12-29 18:00:00;25193,284;22363,633999999998
2022-12-29 19:00:00;25886,067999999999;23431,945
2022-12-29 20:00:00;25313,843000000001;22923,519
2022-12-29 21:00:00;23758,780999999999;21391,678
2022-12-29 22:00:00;22085,403999999999;20119,583999999999
2022-12-29 23:00:00;20936,174999999999;19188,933000000001
2022-12-30 00:00:00;19922,217000000001;18340,404999999999
2022-12-30 01:00:00;19582,357;18056,746999999999
2022-12-30 02:00:00;19425,879000000001;17952,368999999999
2022-12-30 03:00:00;19434,447;18009,187999999998
2022-12-30 04:00:00;19847,952000000001;18421,951000000001
2022-12-30 05:00:00;20588,437999999998;19078,758000000002
2022-12-30 06:00:00;21481,761999999999;19551,091
2022-12-30 07:00:00;22856,934000000001;20366,053
2022-12-30 08:00:00;24327,057000000001;21310,438999999998
2022-12-30 09:00:00;24941,927;21685,049999999999
2022-12-30 10:00:00;25160,720000000001;21820,121999999999
2022-12-30 11:00:00;25062,017;21718,998
2022-12-30 12:00:00;24868,925999999999;21624,147000000001
2022-12-30 13:00:00;24616,348999999998;21391,082999999999
2022-12-30 14:00:00;24408,616999999998;21164,300999999999
2022-12-30 15:00:00;24564,932000000001;21305,971000000001
2022-12-30 16:00:00;24626,952000000001;21542,331999999999
2022-12-30 17:00:00;24708,178;21926,324000000001
2022-12-30 18:00:00;24788,633999999998;22398,455000000002
2022-12-30 19:00:00;25236,016;23063,117999999999
2022-12-30 20:00:00;24936,956999999999;22628,662
2022-12-30 21:00:00;23415,842000000001;21118,458999999999
2022-12-30 22:00:00;22002,391;20152,101999999999
2022-12-30 23:00:00;20764,170999999998;19149,567999999999
2022-12-31 00:00:00;19920,006000000001;18580,276000000002
2022-12-31 01:00:00;19432,458999999999;18228,567999999999
2022-12-31 02:00:00;19229,995999999999;18143,126
2022-12-31 03:00:00;19158,259999999998;18161,868999999999
2022-12-31 04:00:00;19520,25;18551,467000000001
2022-12-31 05:00:00;20054,650000000001;19000,784
2022-12-31 06:00:00;20925,303;19486,152999999998
2022-12-31 07:00:00;22142,560000000001;20176,675999999999
2022-12-31 08:00:00;23543,080000000002;21063,107
2022-12-31 09:00:00;24078,66;21345,414000000001
2022-12-31 10:00:00;24263,23;21422,68
2022-12-31 11:00:00;24189,913;21252,263999999999
2022-12-31 12:00:00;24007,035;21047,024000000001
2022-12-31 13:00:00;23660,559000000001;20711,954000000002
2022-12-31 14:00:00;23359,611000000001;20535,718000000001
2022-12-31 15:00:00;23274,868999999999;20538,82
2022-12-31 16:00:00;23519,066999999999;20919,137999999999
2022-12-31 17:00:00;23548,109;21138,668000000001
2022-12-31 18:00:00;23500,136999999999;21383,271000000001
2022-12-31 19:00:00;24403,224999999999;22427,495999999999
2022-12-31 20:00:00;24195,965;22098,174999999999
2022-12-31 21:00:00;23195,030999999999;21077,654999999999
2022-12-31 22:00:00;22222,519;20482,305
2022-12-31 23:00:00;21401,499;19845,690999999999
2023-01-01 00:00:00;20822,111000000001;19512,260999999999
2023-01-01 01:00:00;20064,496999999999;18885,795999999998
2023-01-01 02:00:00;19445,524000000001;18408,884999999998
2023-01-01 03:00:00;19109,34;18153,707999999999
2023-01-01 04:00:00;19078,859;18155,927
2023-01-01 05:00:00;19082,018;18093,345000000001
2023-01-01 06:00:00;19479,486000000001;18166,146000000001
2023-01-01 07:00:00;20531,967000000001;18680,726999999999
2023-01-01 08:00:00;21811,690999999999;19376,821
2023-01-01 09:00:00;22801,363000000001;20062,137999999999
2023-01-01 10:00:00;23420,706999999999;20537,282999999999
2023-01-01 11:00:00;23558,678;20565,540000000001
2023-01-01 12:00:00;23493,845000000001;20460,743999999999
2023-01-01 13:00:00;23122,871999999999;20029,888999999999
2023-01-01 14:00:00;22546,460999999999;19460,909
2023-01-01 15:00:00;22320,893;19216,610000000001
2023-01-01 16:00:00;22224,153999999999;19192,512999999999
2023-01-01 17:00:00;22328,623;19470,560000000001
2023-01-01 18:00:00;22537,364000000001;20072,886999999999
2023-01-01 19:00:00;23563,784;21373,612000000001
2023-01-01 20:00:00;23545,936000000002;21335,879000000001
2023-01-01 21:00:00;22242,627;20106,171999999999
2023-01-01 22:00:00;20847,808000000001;19208,258000000002
2023-01-01 23:00:00;19934,299999999999;18561,964
2023-01-02 00:00:00;19011,644;17852,955000000002
2023-01-02 01:00:00;18602,049999999999;17554,624
2023-01-02 02:00:00;18434,424999999999;17532,291000000001
2023-01-02 03:00:00;18374,638999999999;17581,654999999999
2023-01-02 04:00:00;18616,022000000001;17883,425999999999
2023-01-02 05:00:00;19120,285;18335,909
2023-01-02 06:00:00;19901,297999999999;18693,576000000001
2023-01-02 07:00:00;21212,375;19369,376
2023-01-02 08:00:00;22685,218000000001;20228,381000000001
2023-01-02 09:00:00;23572,837;20797,860000000001
2023-01-02 10:00:00;24122,382000000001;21147,991000000002
2023-01-02 11:00:00;24165,798999999999;21101,046999999999
2023-01-02 12:00:00;24077,057000000001;21000,615000000002
2023-01-02 13:00:00;23861,138999999999;20768,262999999999
2023-01-02 14:00:00;23740,513999999999;20706,248
2023-01-02 15:00:00;23843,861000000001;20841,874
2023-01-02 16:00:00;24032,59;21130,889999999999
2023-01-02 17:00:00;24315,025000000001;21566,473000000002
2023-01-02 18:00:00;24524,700000000001;22097,337
2023-01-02 19:00:00;25415,135999999999;23196,391
2023-01-02 20:00:00;24937,845000000001;22656,449000000001
2023-01-02 21:00:00;23307,851999999999;21087,248
2023-01-02 22:00:00;21572,148000000001;19865,035
2023-01-02 23:00:00;20317,934000000001;18938,526000000002
2023-01-03 00:00:00;19575,414000000001;18452,348000000002
2023-01-03 01:00:00;19292,110000000001;18263,839
2023-01-03 02:00:00;19133,870999999999;18182,442999999999
2023-01-03 03:00:00;19197,689999999999;18313,082999999999
2023-01-03 04:00:00;19760,704000000002;18912,584999999999
2023-01-03 05:00:00;20800,724999999999;19884,916000000001
2023-01-03 06:00:00;21771,900000000001;20529,823
2023-01-03 07:00:00;23029,396000000001;21235,462
2023-01-03 08:00:00;24480,258000000002;22180,138999999999
2023-01-03 09:00:00;25315,361000000001;22728,207999999999
2023-01-03 10:00:00;25635,233;22851,361000000001
2023-01-03 11:00:00;25561,909;22685,651000000002
2023-01-03 12:00:00;25603,974999999999;22694,201000000001
2023-01-03 13:00:00;25588,716;22615,084999999999
2023-01-03 14:00:00;25662,935000000001;22661,559000000001
2023-01-03 15:00:00;25988,878000000001;22966,351999999999
2023-01-03 16:00:00;26304,191999999999;23405,037
2023-01-03 17:00:00;26136,359;23527,589
2023-01-03 18:00:00;26068,202000000001;23889,956999999999
2023-01-03 19:00:00;26858,361000000001;24947,030999999999
2023-01-03 20:00:00;26108,194;24175,304
2023-01-03 21:00:00;24308,401999999998;22423,423999999999
2023-01-03 22:00:00;22608,482;21145,466
2023-01-03 23:00:00;21451,470000000001;20191,73
2023-01-04 00:00:00;20937,909;19841,665000000001
2023-01-04 01:00:00;20552,298999999999;19465,073
2023-01-04 02:00:00;20427,330000000002;19352,782999999999
2023-01-04 03:00:00;20565,715;19496,609
2023-01-04 04:00:00;21132,047999999999;20044,503000000001
2023-01-04 05:00:00;22213,807000000001;21027,114000000001
2023-01-04 06:00:00;23240,865000000002;21755,030999999999
2023-01-04 07:00:00;24390;22395,244999999999
2023-01-04 08:00:00;25795,159;23317,010999999999
2023-01-04 09:00:00;26246,348000000002;23524,697
2023-01-04 10:00:00;26464,609;23583,107
2023-01-04 11:00:00;26571,145;23605,079000000002
2023-01-04 12:00:00;26515,800999999999;23519,561000000002
2023-01-04 13:00:00;26492,667000000001;23450,304
2023-01-04 14:00:00;26489,246999999999;23456,767
2023-01-04 15:00:00;26839,630000000001;23809,803
2023-01-04 16:00:00;27088,183000000001;24170,155999999999
2023-01-04 17:00:00;27036,447;24336,789000000001
2023-01-04 18:00:00;26819,143;24523,799999999999
2023-01-04 19:00:00;27322,601999999999;25262,898000000001
2023-01-04 20:00:00;26733,623;24585,794999999998
2023-01-04 21:00:00;25018,322;22861,019
2023-01-04 22:00:00;23307,296999999999;21564,643
2023-01-04 23:00:00;21993,047999999999;20484,846000000001
2023-01-05 00:00:00;20826,787;19688,73
2023-01-05 01:00:00;20466,391;19392,427
2023-01-05 02:00:00;20328,179;19293,567999999999
2023-01-05 03:00:00;20389,25;19371,398000000001
2023-01-05 04:00:00;20972,631000000001;19988,329000000002
2023-01-05 05:00:00;21992,455000000002;21006,437000000002
2023-01-05 06:00:00;22887,405999999999;21705,244999999999
2023-01-05 07:00:00;24089,221000000001;22332,202000000001
2023-01-05 08:00:00;25494,234;23120,008000000002
2023-01-05 09:00:00;26172,915000000001;23420,043000000001
2023-01-05 10:00:00;26514,822;23578,974999999999
2023-01-05 11:00:00;26572,084999999999;23542,081999999999
2023-01-05 12:00:00;26510,473999999998;23481,304
2023-01-05 13:00:00;26478,253000000001;23461,531999999999
2023-01-05 14:00:00;26488,955000000002;23481,241000000002
2023-01-05 15:00:00;26715,557000000001;23785,705999999998
2023-01-05 16:00:00;27053,259999999998;24150,240000000002
2023-01-05 17:00:00;27179,84;24409,796999999999
2023-01-05 18:00:00;27179,988000000001;24809,510999999999
2023-01-05 19:00:00;27661,563999999998;25627,291000000001
2023-01-05 20:00:00;26895,200000000001;25038,345000000001
2023-01-05 21:00:00;24829,791000000001;23139,776999999998
2023-01-05 22:00:00;23025,335999999999;21629,881000000001
2023-01-05 23:00:00;21827,387999999999;20570,75
2023-01-06 00:00:00;20950,848000000002;19812,792000000001
2023-01-06 01:00:00;20613,172999999999;19539,208999999999
2023-01-06 02:00:00;20485,157999999999;19450,546999999999
2023-01-06 03:00:00;20597,477999999999;19579,626
2023-01-06 04:00:00;21109,738000000001;20125,436000000002
2023-01-06 05:00:00;22108,367999999999;21122,348999999998
2023-01-06 06:00:00;23175,955000000002;21993,793000000001
2023-01-06 07:00:00;24561,236000000001;22804,217000000001
2023-01-06 08:00:00;26067,845000000001;23693,618999999999
2023-01-06 09:00:00;26687,207999999999;23934,335999999999
2023-01-06 10:00:00;26975,348999999998;24039,502
2023-01-06 11:00:00;27104,817999999999;24074,815999999999
2023-01-06 12:00:00;26978,155999999999;23948,986000000001
2023-01-06 13:00:00;26655,447;23638,725999999999
2023-01-06 14:00:00;26504,209999999999;23496,496999999999
2023-01-06 15:00:00;26573,829000000002;23643,978999999999
2023-01-06 16:00:00;26789,359;23886,339
2023-01-06 17:00:00;26673,09;23903,046999999999
2023-01-06 18:00:00;26350,334999999999;23979,858
2023-01-06 19:00:00;27148,157999999999;25113,884999999998
2023-01-06 20:00:00;26627,576000000001;24770,720000000001
2023-01-06 21:00:00;24915,523000000001;23225,508999999998
2023-01-06 22:00:00;23300,549999999999;21905,096000000001
2023-01-06 23:00:00;22154,969000000001;20898,330999999998
2023-01-07 00:00:00;21491,725999999999;20353,669999999998
2023-01-07 01:00:00;21169,726999999999;20095,762999999999
2023-01-07 02:00:00;20864,455000000002;19829,844000000001
2023-01-07 03:00:00;20922,931;19905,078000000001
2023-01-07 04:00:00;21160,046999999999;20175,745999999999
2023-01-07 05:00:00;21520,257000000001;20534,239000000001
2023-01-07 06:00:00;22257,632000000001;21075,471000000001
2023-01-07 07:00:00;23701,777999999998;21944,758000000002
2023-01-07 08:00:00;25272,776000000002;22898,549999999999
2023-01-07 09:00:00;25866,052;23113,18
2023-01-07 10:00:00;25994,07;23058,223000000002
2023-01-07 11:00:00;25856,400000000001;22826,397000000001
2023-01-07 12:00:00;25735,753000000001;22706,582999999999
2023-01-07 13:00:00;25417,326000000001;22400,606
2023-01-07 14:00:00;25076,345000000001;22068,631000000001
2023-01-07 15:00:00;25002,956999999999;22073,107
2023-01-07 16:00:00;25122,656999999999;22219,636999999999
2023-01-07 17:00:00;25126,286;22356,241999999998
2023-01-07 18:00:00;25441,944;23071,467000000001
2023-01-07 19:00:00;26553,642;24519,368999999999
2023-01-07 20:00:00;25975,66;24118,804
2023-01-07 21:00:00;24309,309000000001;22619,294999999998
2023-01-07 22:00:00;22783,237000000001;21387,782999999999
2023-01-07 23:00:00;21504,624;20247,986000000001
2023-01-08 00:00:00;20814,467000000001;19676,41
2023-01-08 01:00:00;20347,16;19273,196
2023-01-08 02:00:00;20088,679;19054,067999999999
2023-01-08 03:00:00;20095,848999999998;19077,996999999999
2023-01-08 04:00:00;20314,380000000001;19330,079000000002
2023-01-08 05:00:00;20667,715;19681,696
2023-01-08 06:00:00;21586,258999999998;20404,098000000002
2023-01-08 07:00:00;23187,18;21430,161
2023-01-08 08:00:00;24676,735000000001;22302,508999999998
2023-01-08 09:00:00;25472,549999999999;22719,678
2023-01-08 10:00:00;25591,25;22655,403999999999
2023-01-08 11:00:00;25656,207999999999;22626,205000000002
2023-01-08 12:00:00;25615,304;22586,133999999998
2023-01-08 13:00:00;25191,489000000001;22174,769
2023-01-08 14:00:00;24751,496999999999;21743,782999999999
2023-01-08 15:00:00;24580,848999999998;21650,999
2023-01-08 16:00:00;24794,999;21891,978999999999
2023-01-08 17:00:00;25061,02;22290,976999999999
2023-01-08 18:00:00;25413,431;23042,954000000002
2023-01-08 19:00:00;26440,784;24406,510999999999
2023-01-08 20:00:00;25846,781999999999;23989,925999999999
2023-01-08 21:00:00;24109,457999999999;22419,444
2023-01-08 22:00:00;22512,684000000001;21117,228999999999
2023-01-08 23:00:00;21380,849999999999;20124,212
2023-01-09 00:00:00;20948,411;19810,355
2023-01-09 01:00:00;20654,989000000001;19581,025000000001
2023-01-09 02:00:00;20559,437999999998;19524,828000000001
2023-01-09 03:00:00;20743,091;19725,238000000001
2023-01-09 04:00:00;21577,521000000001;20593,220000000001
2023-01-09 05:00:00;23156,584999999999;22170,566999999999
2023-01-09 06:00:00;24311,361000000001;23129,199000000001
2023-01-09 07:00:00;25337,127;23580,108
2023-01-09 08:00:00;26685,165000000001;24310,938999999998
2023-01-09 09:00:00;27294,156999999999;24541,285
2023-01-09 10:00:00;27625,554;24689,707999999999
2023-01-09 11:00:00;27658,789000000001;24628,786
2023-01-09 12:00:00;27587,548999999999;24558,379000000001
2023-01-09 13:00:00;27552,772000000001;24536,052
2023-01-09 14:00:00;27527,544000000002;24519,830000000002
2023-01-09 15:00:00;27787,639999999999;24857,790000000001
2023-01-09 16:00:00;27936,297999999999;25033,276999999998
2023-01-09 17:00:00;27728,007000000001;24957,963
2023-01-09 18:00:00;27807,835999999999;25437,359
2023-01-09 19:00:00;28603,977999999999;26569,705000000002
2023-01-09 20:00:00;27717,599999999999;25860,744999999999
2023-01-09 21:00:00;25666,642;23976,628000000001
2023-01-09 22:00:00;23829,246999999999;22433,792000000001
2023-01-09 23:00:00;22495,775000000001;21239,135999999999
2023-01-10 00:00:00;21780,285;20642,228999999999
2023-01-10 01:00:00;21502,377;20428,413
2023-01-10 02:00:00;21360,856;20326,245999999999
2023-01-10 03:00:00;21526,469000000001;20508,616000000002
2023-01-10 04:00:00;22294,010999999999;21309,709999999999
2023-01-10 05:00:00;23910,909;22924,889999999999
2023-01-10 06:00:00;24966,257000000001;23784,096000000001
2023-01-10 07:00:00;25858,973000000002;24101,953000000001
2023-01-10 08:00:00;26928,530999999999;24554,305
2023-01-10 09:00:00;27316,862000000001;24563,990000000002
2023-01-10 10:00:00;27524,467000000001;24588,619999999999
2023-01-10 11:00:00;27541,763999999999;24511,760999999999
2023-01-10 12:00:00;27521,345000000001;24492,174999999999
2023-01-10 13:00:00;27524,600999999999;24507,881000000001
2023-01-10 14:00:00;27616,731;24609,017
2023-01-10 15:00:00;27883,263999999999;24953,414000000001
2023-01-10 16:00:00;28049,673999999999;25146,653999999999
2023-01-10 17:00:00;28063,326000000001;25293,282999999999
2023-01-10 18:00:00;27952,147000000001;25581,669999999998
2023-01-10 19:00:00;28674,686000000002;26640,413
2023-01-10 20:00:00;27903,503000000001;26046,647000000001
2023-01-10 21:00:00;25633,868999999999;23943,855
2023-01-10 22:00:00;23753,185000000001;22357,73
2023-01-10 23:00:00;22517,859;21261,220000000001
2023-01-11 00:00:00;21879,168000000001;20741,112000000001
2023-01-11 01:00:00;21576,919999999998;20502,955999999998
2023-01-11 02:00:00;21397,584999999999;20362,973999999998
2023-01-11 03:00:00;21514,526000000002;20496,672999999999
2023-01-11 04:00:00;22643,762999999999;21659,462
2023-01-11 05:00:00;25038,474999999999;24052,455999999998
2023-01-11 06:00:00;25856,089;24673,928
2023-01-11 07:00:00;25605,159;23848,139999999999
2023-01-11 08:00:00;26508,616000000002;24134,391
2023-01-11 09:00:00;27027,467000000001;24274,595000000001
2023-01-11 10:00:00;27268,862000000001;24333,016
2023-01-11 11:00:00;27513,302;24483,298999999999
2023-01-11 12:00:00;27416,955999999998;24387,786
2023-01-11 13:00:00;27361,610000000001;24344,889999999999
2023-01-11 14:00:00;27517,669000000002;24509,955000000002
2023-01-11 15:00:00;27857,488000000001;24927,636999999999
2023-01-11 16:00:00;27900,874;24997,852999999999
2023-01-11 17:00:00;27819,52;25049,475999999999
2023-01-11 18:00:00;27850,558000000001;25480,080999999998
2023-01-11 19:00:00;28802,573;26768,299999999999
2023-01-11 20:00:00;28028,912;26172,056
2023-01-11 21:00:00;25967,017;24277,003000000001
2023-01-11 22:00:00;24021,178;22625,723000000002
2023-01-11 23:00:00;22749,646000000001;21493,008000000002
2023-01-12 00:00:00;22007,367999999999;20869,312000000002
2023-01-12 01:00:00;21690,819;20616,855
2023-01-12 02:00:00;21513,179;20478,569
2023-01-12 03:00:00;21666,374;20648,522000000001
2023-01-12 04:00:00;22731,798999999999;21747,498
2023-01-12 05:00:00;25123,902999999998;24137,883999999998
2023-01-12 06:00:00;25918,002;24735,84
2023-01-12 07:00:00;25865,248;24108,228999999999
2023-01-12 08:00:00;26841,643;24467,417000000001
2023-01-12 09:00:00;27149,032999999999;24396,16
2023-01-12 10:00:00;27328,830999999998;24392,984
2023-01-12 11:00:00;27497,556;24467,554
2023-01-12 12:00:00;27468,593000000001;24439,422999999999
2023-01-12 13:00:00;27262,018;24245,296999999999
2023-01-12 14:00:00;27521,021000000001;24513,307000000001
2023-01-12 15:00:00;27914,708999999999;24984,858
2023-01-12 16:00:00;28002,190999999999;25099,169999999998
2023-01-12 17:00:00;27913,030999999999;25142,988000000001
2023-01-12 18:00:00;27714,650000000001;25344,172999999999
2023-01-12 19:00:00;28834,382000000001;26800,109
2023-01-12 20:00:00;28125,619999999999;26268,764999999999
2023-01-12 21:00:00;25994,677;24304,664000000001
2023-01-12 22:00:00;24072,013999999999;22676,560000000001
2023-01-12 23:00:00;22816,076000000001;21559,437000000002
2023-01-13 00:00:00;22266,047999999999;21127,991999999998
2023-01-13 01:00:00;22016,293000000001;20942,329000000002
2023-01-13 02:00:00;21825,315999999999;20790,705999999998
2023-01-13 03:00:00;21987,787;20969,934000000001
2023-01-13 04:00:00;23006,510999999999;22022,209999999999
2023-01-13 05:00:00;25299,932000000001;24313,913
2023-01-13 06:00:00;26148,031999999999;24965,869999999999
2023-01-13 07:00:00;26235,084999999999;24478,065999999999
2023-01-13 08:00:00;27401,884999999998;25027,659
2023-01-13 09:00:00;27789,344000000001;25036,472000000002
2023-01-13 10:00:00;27990,803;25054,955999999998
2023-01-13 11:00:00;28074,377;25044,374
2023-01-13 12:00:00;28004,437000000002;24975,267
2023-01-13 13:00:00;27671,561000000002;24654,841
2023-01-13 14:00:00;27623,006000000001;24615,293000000001
2023-01-13 15:00:00;27576,583999999999;24646,734
2023-01-13 16:00:00;27461,381000000001;24558,361000000001
2023-01-13 17:00:00;27287,321;24517,277999999998
2023-01-13 18:00:00;27055,049999999999;24684,573
2023-01-13 19:00:00;28109,375;26075,101999999999
2023-01-13 20:00:00;27632,010999999999;25775,154999999999
2023-01-13 21:00:00;25839,904999999999;24149,891
2023-01-13 22:00:00;24467,542000000001;23072,088
2023-01-13 23:00:00;23175,959999999999;21919,322
2023-01-14 00:00:00;22458,457999999999;21320,401000000002
2023-01-14 01:00:00;22025,952000000001;20951,988000000001
2023-01-14 02:00:00;21746,02;20711,409
2023-01-14 03:00:00;21739,649000000001;20721,795999999998
2023-01-14 04:00:00;21952,501;20968,200000000001
2023-01-14 05:00:00;22402,792000000001;21416,774000000001
2023-01-14 06:00:00;23269,182000000001;22087,021000000001
2023-01-14 07:00:00;24782,012999999999;23024,993999999999
2023-01-14 08:00:00;26268,864000000001;23894,637999999999
2023-01-14 09:00:00;26865,995999999999;24113,124
2023-01-14 10:00:00;26851,151999999998;23915,305
2023-01-14 11:00:00;26744,294000000002;23714,291000000001
2023-01-14 12:00:00;26685,606;23656,436000000002
2023-01-14 13:00:00;26389,924999999999;23373,204000000002
2023-01-14 14:00:00;26012,633000000002;23004,919000000002
2023-01-14 15:00:00;25828,213;22898,363000000001
2023-01-14 16:00:00;25896,242999999999;22993,222000000002
2023-01-14 17:00:00;26074,413;23304,368999999999
2023-01-14 18:00:00;26403,614000000001;24033,136999999999
2023-01-14 19:00:00;27382,734;25348,460999999999
2023-01-14 20:00:00;26733,741999999998;24876,885999999999
2023-01-14 21:00:00;24859,857;23169,843000000001
2023-01-14 22:00:00;23315,847000000002;21920,392
2023-01-14 23:00:00;22201,984;20945,345000000001
2023-01-15 00:00:00;21449,151000000002;20311,095000000001
2023-01-15 01:00:00;21046,101999999999;19972,137999999999
2023-01-15 02:00:00;20819,899000000001;19785,288
2023-01-15 03:00:00;20804,163;19786,311000000002
2023-01-15 04:00:00;20983,022000000001;19998,721000000001
2023-01-15 05:00:00;21318,440999999999;20332,421999999999
2023-01-15 06:00:00;22362,146000000001;21179,984
2023-01-15 07:00:00;24136,474999999999;22379,455999999998
2023-01-15 08:00:00;25591,271000000001;23217,044999999998
2023-01-15 09:00:00;26206,288;23453,416000000001
2023-01-15 10:00:00;26075,950000000001;23140,102999999999
2023-01-15 11:00:00;26092,540000000001;23062,537
2023-01-15 12:00:00;25989,326000000001;22960,155999999999
2023-01-15 13:00:00;25710,669999999998;22693,950000000001
2023-01-15 14:00:00;25328,677;22320,963
2023-01-15 15:00:00;25250,309000000001;22320,458999999999
2023-01-15 16:00:00;25408,024000000001;22505,004000000001
2023-01-15 17:00:00;25592,173999999999;22822,131000000001
2023-01-15 18:00:00;26039,651999999998;23669,174999999999
2023-01-15 19:00:00;27159,347000000002;25125,074000000001
2023-01-15 20:00:00;26778,523000000001;24921,667000000001
2023-01-15 21:00:00;24726,829000000002;23036,814999999999
2023-01-15 22:00:00;22969,606;21574,151000000002
2023-01-15 23:00:00;21784,128000000001;20527,489000000001
2023-01-16 00:00:00;21226,766;20088,709999999999
2023-01-16 01:00:00;20939,433000000001;19865,469000000001
2023-01-16 02:00:00;20774,963;19740,352999999999
2023-01-16 03:00:00;21029,936000000002;20012,083999999999
2023-01-16 04:00:00;22058,918000000001;21074,616999999998
2023-01-16 05:00:00;24933,326000000001;23947,308000000001
2023-01-16 06:00:00;26016,397000000001;24834,235000000001
2023-01-16 07:00:00;25959,978999999999;24202,958999999999
2023-01-16 08:00:00;27075,731;24701,505000000001
2023-01-16 09:00:00;27576,279999999999;24823,407999999999
2023-01-16 10:00:00;27845,276000000002;24909,429
2023-01-16 11:00:00;28015,601999999999;24985,598999999998
2023-01-16 12:00:00;27901,204000000002;24872,034
2023-01-16 13:00:00;27797,163;24780,442999999999
2023-01-16 14:00:00;27936,579000000002;24928,865000000002
2023-01-16 15:00:00;28262,456999999999;25332,606
2023-01-16 16:00:00;28357,663;25454,642
2023-01-16 17:00:00;28217,111000000001;25447,066999999999
2023-01-16 18:00:00;28297,137999999999;25926,661
2023-01-16 19:00:00;29294,523000000001;27260,25
2023-01-16 20:00:00;28382,75;26525,894
2023-01-16 21:00:00;26189,657999999999;24499,644
2023-01-16 22:00:00;24234,465;22839,010999999999
2023-01-16 23:00:00;22998,565999999999;21741,928
2023-01-17 00:00:00;22315,843000000001;21177,787
2023-01-17 01:00:00;22056,185000000001;20982,221000000001
2023-01-17 02:00:00;21909,425999999999;20874,815999999999
2023-01-17 03:00:00;22140,976999999999;21123,125
2023-01-17 04:00:00;23173,079000000002;22188,777999999998
2023-01-17 05:00:00;25849,778999999999;24863,759999999998
2023-01-17 06:00:00;26659,669000000002;25477,507000000001
2023-01-17 07:00:00;26388,008000000002;24630,989000000001
2023-01-17 08:00:00;27242,319;24868,094000000001
2023-01-17 09:00:00;27473,918000000001;24721,045999999998
2023-01-17 10:00:00;27801,096000000001;24865,25
2023-01-17 11:00:00;27872,786;24842,782999999999
2023-01-17 12:00:00;27767,298999999999;24738,130000000001
2023-01-17 13:00:00;27723,030999999999;24706,311000000002
2023-01-17 14:00:00;27918,114000000001;24910,401000000002
2023-01-17 15:00:00;28270,007000000001;25340,156999999999
2023-01-17 16:00:00;28424,422999999999;25521,401999999998
2023-01-17 17:00:00;28215,703000000001;25445,66
2023-01-17 18:00:00;28304,111000000001;25933,633999999998
2023-01-17 19:00:00;29092,063999999998;27057,790000000001
2023-01-17 20:00:00;28328,862000000001;26472,006000000001
2023-01-17 21:00:00;26133,512999999999;24443,499
2023-01-17 22:00:00;24137,982;22742,527999999998
2023-01-17 23:00:00;22835,311000000002;21578,672999999999
2023-01-18 00:00:00;22316,917000000001;21178,861000000001
2023-01-18 01:00:00;22002,719000000001;20928,755000000001
2023-01-18 02:00:00;21880,628000000001;20846,018
2023-01-18 03:00:00;22051,59;21033,738000000001
2023-01-18 04:00:00;23191,597000000002;22207,295999999998
2023-01-18 05:00:00;25931,026000000002;24945,008000000002
2023-01-18 06:00:00;26703,584999999999;25521,422999999999
2023-01-18 07:00:00;26321,359;24564,34
2023-01-18 08:00:00;27273,306;24899,080000000002
2023-01-18 09:00:00;27545,670999999998;24792,798999999999
2023-01-18 10:00:00;27748,409;24812,562999999998
2023-01-18 11:00:00;28025,851999999999;24995,848999999998
2023-01-18 12:00:00;27827,213;24798,043000000001
2023-01-18 13:00:00;27791,659;24774,937999999998
2023-01-18 14:00:00;27964,810000000001;24957,096000000001
2023-01-18 15:00:00;28376,794000000002;25446,944
2023-01-18 16:00:00;28516,713;25613,691999999999
2023-01-18 17:00:00;28366,527999999998;25596,484
2023-01-18 18:00:00;28498,464;26127,987000000001
2023-01-18 19:00:00;29269,749;27235,475999999999
2023-01-18 20:00:00;28401,226999999999;26544,370999999999
2023-01-18 21:00:00;26191,803;24501,789000000001
2023-01-18 22:00:00;24207,986000000001;22812,530999999999
2023-01-18 23:00:00;23052,471000000001;21795,831999999999
2023-01-19 00:00:00;22371,633000000002;21233,577000000001
2023-01-19 01:00:00;22014,714;20940,75
2023-01-19 02:00:00;21895,449000000001;20860,838
2023-01-19 03:00:00;22152,441999999999;21134,59
2023-01-19 04:00:00;23312,959999999999;22328,659
2023-01-19 05:00:00;26199,099999999999;25213,080999999998
2023-01-19 06:00:00;26877,966;25695,805
2023-01-19 07:00:00;26529,581999999999;24772,562999999998
2023-01-19 08:00:00;27419,34;25045,115000000002
2023-01-19 09:00:00;27704,77;24951,898000000001
2023-01-19 10:00:00;27925,312000000002;24989,465
2023-01-19 11:00:00;28125,065999999999;25095,063999999998
2023-01-19 12:00:00;28069,222000000002;25040,052
2023-01-19 13:00:00;28023,258000000002;25006,538
2023-01-19 14:00:00;28161,498;25153,784
2023-01-19 15:00:00;28461,878000000001;25532,026999999998
2023-01-19 16:00:00;28509,815999999999;25606,795999999998
2023-01-19 17:00:00;28366,462;25596,419000000002
2023-01-19 18:00:00;28501,224999999999;26130,748
2023-01-19 19:00:00;29228,614000000001;27194,341
2023-01-19 20:00:00;28405,454000000002;26548,598000000002
2023-01-19 21:00:00;26292,935000000001;24602,920999999998
2023-01-19 22:00:00;24445,837;23050,383000000002
2023-01-19 23:00:00;23279,814999999999;22023,175999999999
2023-01-20 00:00:00;22665,129000000001;21527,073
2023-01-20 01:00:00;22326,418000000001;21252,454000000002
2023-01-20 02:00:00;22124,790000000001;21090,179
2023-01-20 03:00:00;22254,810000000001;21236,957999999999
2023-01-20 04:00:00;23415,581999999999;22431,280999999999
2023-01-20 05:00:00;26106,073;25120,055
2023-01-20 06:00:00;26931,157999999999;25748,995999999999
2023-01-20 07:00:00;26751,566999999999;24994,547999999999
2023-01-20 08:00:00;27786,998;25412,772000000001
2023-01-20 09:00:00;28266,758000000002;25513,885999999999
2023-01-20 10:00:00;28397,376;25461,528999999999
2023-01-20 11:00:00;28437,348000000002;25407,345000000001
2023-01-20 12:00:00;28318,620999999999;25289,451000000001
2023-01-20 13:00:00;28043,288;25026,567999999999
2023-01-20 14:00:00;27941,465;24933,751
2023-01-20 15:00:00;27861,072;24931,222000000002
2023-01-20 16:00:00;27760,969000000001;24857,949000000001
2023-01-20 17:00:00;27472,529999999999;24702,487000000001
2023-01-20 18:00:00;27337,784;24967,307000000001
2023-01-20 19:00:00;28308,022000000001;26273,749
2023-01-20 20:00:00;27647,571;25790,715
2023-01-20 21:00:00;25952,673999999999;24262,66
2023-01-20 22:00:00;24504,143;23108,688999999998
2023-01-20 23:00:00;23298,101999999999;22041,463
2023-01-21 00:00:00;22450,300999999999;21312,244999999999
2023-01-21 01:00:00;22072,419999999998;20998,455999999998
2023-01-21 02:00:00;21816,665000000001;20782,054
2023-01-21 03:00:00;21807,280999999999;20789,428
2023-01-21 04:00:00;22102,175999999999;21117,875
2023-01-21 05:00:00;22597,133000000002;21611,114000000001
2023-01-21 06:00:00;23607,167000000001;22425,006000000001
2023-01-21 07:00:00;24969,032999999999;23212,013999999999
2023-01-21 08:00:00;26510,545999999998;24136,32
2023-01-21 09:00:00;27096,954000000002;24344,081999999999
2023-01-21 10:00:00;27009,787;24073,939999999999
2023-01-21 11:00:00;26761,915000000001;23731,912
2023-01-21 12:00:00;26653,981;23624,811000000002
2023-01-21 13:00:00;26321,062999999998;23304,343000000001
2023-01-21 14:00:00;25984,600999999999;22976,886999999999
2023-01-21 15:00:00;25850,637999999999;22920,788
2023-01-21 16:00:00;26049,597000000002;23146,576000000001
2023-01-21 17:00:00;26053,342000000001;23283,298999999999
2023-01-21 18:00:00;26283,66;23913,183000000001
2023-01-21 19:00:00;27396,139999999999;25361,866999999998
2023-01-21 20:00:00;26822,774000000001;24965,918000000001
2023-01-21 21:00:00;25108,373;23418,359
2023-01-21 22:00:00;23491,216;22095,761999999999
2023-01-21 23:00:00;22267,756000000001;21011,117999999999
2023-01-22 00:00:00;21478,267;20340,210999999999
2023-01-22 01:00:00;21033,863000000001;19959,899000000001
2023-01-22 02:00:00;20795,242999999999;19760,633000000002
2023-01-22 03:00:00;20761,73;19743,878000000001
2023-01-22 04:00:00;20979,976999999999;19995,675999999999
2023-01-22 05:00:00;21297,985000000001;20311,966
2023-01-22 06:00:00;22490,355;21308,194
2023-01-22 07:00:00;24318,623;22561,603999999999
2023-01-22 08:00:00;25771,523000000001;23397,296999999999
2023-01-22 09:00:00;26345,114000000001;23592,241999999998
2023-01-22 10:00:00;26180,584999999999;23244,738000000001
2023-01-22 11:00:00;26073,526999999998;23043,524000000001
2023-01-22 12:00:00;25984,782999999999;22955,613000000001
2023-01-22 13:00:00;25670,077000000001;22653,357
2023-01-22 14:00:00;25298,845000000001;22291,131000000001
2023-01-22 15:00:00;25096,528999999999;22166,679
2023-01-22 16:00:00;25372,400000000001;22469,380000000001
2023-01-22 17:00:00;25548,036;22777,992999999999
2023-01-22 18:00:00;26052,560000000001;23682,082999999999
2023-01-22 19:00:00;27390,003000000001;25355,73
2023-01-22 20:00:00;26789,723999999998;24932,867999999999
2023-01-22 21:00:00;24710,227999999999;23020,215
2023-01-22 22:00:00;23027,584999999999;21632,131000000001
2023-01-22 23:00:00;21887;20630,361000000001
2023-01-23 00:00:00;21147,881000000001;20009,825000000001
2023-01-23 01:00:00;20850,006000000001;19776,042000000001
2023-01-23 02:00:00;20737,451000000001;19702,841
2023-01-23 03:00:00;20959,655999999999;19941,804
2023-01-23 04:00:00;22098,697;21114,396000000001
2023-01-23 05:00:00;25186,895;24200,876
2023-01-23 06:00:00;26335,169999999998;25153,008000000002
2023-01-23 07:00:00;25940,896000000001;24183,877
2023-01-23 08:00:00;26905,083999999999;24530,858
2023-01-23 09:00:00;27398,775000000001;24645,902999999998
2023-01-23 10:00:00;27589,73;24653,883000000002
2023-01-23 11:00:00;27728,024000000001;24698,021000000001
2023-01-23 12:00:00;27721,638999999999;24692,469000000001
2023-01-23 13:00:00;27553,942999999999;24537,223000000002
2023-01-23 14:00:00;27817,09;24809,377
2023-01-23 15:00:00;28180,834999999999;25250,985000000001
2023-01-23 16:00:00;28259,325000000001;25356,305
2023-01-23 17:00:00;28122,929;25352,884999999998
2023-01-23 18:00:00;28293,299999999999;25922,823
2023-01-23 19:00:00;29273,806;27239,532999999999
2023-01-23 20:00:00;28503,896000000001;26647,040000000001
2023-01-23 21:00:00;26227,334999999999;24537,321
2023-01-23 22:00:00;24177,259999999998;22781,806
2023-01-23 23:00:00;23049,295999999998;21792,656999999999
2023-01-24 00:00:00;22391,955000000002;21253,899000000001
2023-01-24 01:00:00;22086,331999999999;21012,368999999999
2023-01-24 02:00:00;21943,775000000001;20909,164000000001
2023-01-24 03:00:00;22128,34;21110,487000000001
2023-01-24 04:00:00;23272,046999999999;22287,745999999999
2023-01-24 05:00:00;26043,363000000001;25057,345000000001
2023-01-24 06:00:00;26954,216;25772,055
2023-01-24 07:00:00;26443,541000000001;24686,522000000001
2023-01-24 08:00:00;27301,516;24927,291000000001
2023-01-24 09:00:00;27491,695;24738,823
2023-01-24 10:00:00;27787,321;24851,473999999998
2023-01-24 11:00:00;27846,657999999999;24816,654999999999
2023-01-24 12:00:00;27699,082999999999;24669,913
2023-01-24 13:00:00;27654,781999999999;24638,061000000002
2023-01-24 14:00:00;27983,130000000001;24975,417000000001
2023-01-24 15:00:00;28352,535;25422,685000000001
2023-01-24 16:00:00;28565,099999999999;25662,079000000002
2023-01-24 17:00:00;28330,384999999998;25560,341
2023-01-24 18:00:00;28340,917000000001;25970,439999999999
2023-01-24 19:00:00;29315,253000000001;27280,98
2023-01-24 20:00:00;28514,382000000001;26657,526000000002
2023-01-24 21:00:00;26333,651999999998;24643,637999999999
2023-01-24 22:00:00;24238,205000000002;22842,751
2023-01-24 23:00:00;23005,356;21748,717000000001
2023-01-25 00:00:00;22466,962;21328,904999999999
2023-01-25 01:00:00;22118,975999999999;21045,011999999999
2023-01-25 02:00:00;22027,827000000001;20993,216
2023-01-25 03:00:00;22218,110000000001;21200,258000000002
2023-01-25 04:00:00;23269,366999999998;22285,065999999999
2023-01-25 05:00:00;25996,257000000001;25010,238000000001
2023-01-25 06:00:00;26795,491000000002;25613,329000000002
2023-01-25 07:00:00;26419,656999999999;24662,637999999999
2023-01-25 08:00:00;27351,659;24977,433000000001
2023-01-25 09:00:00;27689,749;24936,877
2023-01-25 10:00:00;27938,48;25002,633000000002
2023-01-25 11:00:00;28171,668000000001;25141,665000000001
2023-01-25 12:00:00;28001,559000000001;24972,388999999999
2023-01-25 13:00:00;27986,539000000001;24969,819
2023-01-25 14:00:00;28158,794999999998;25151,081999999999
2023-01-25 15:00:00;28647,600999999999;25717,751
2023-01-25 16:00:00;28761,951000000001;25858,93
2023-01-25 17:00:00;28650,222000000002;25880,179
2023-01-25 18:00:00;28726,233;26355,755000000001
2023-01-25 19:00:00;29488,228999999999;27453,955999999998
2023-01-25 20:00:00;28449,248;26592,392
2023-01-25 21:00:00;26217,466;24527,452000000001
2023-01-25 22:00:00;24250,239000000001;22854,784
2023-01-25 23:00:00;23189,006000000001;21932,367999999999
2023-01-26 00:00:00;22644,951000000001;21506,895
2023-01-26 01:00:00;22290,323;21216,359
2023-01-26 02:00:00;22163,550999999999;21128,939999999999
2023-01-26 03:00:00;22358,600999999999;21340,748
2023-01-26 04:00:00;23492,763999999999;22508,463
2023-01-26 05:00:00;26370,563999999998;25384,544999999998
2023-01-26 06:00:00;27089,967000000001;25907,805
2023-01-26 07:00:00;26762,794999999998;25005,776000000002
2023-01-26 08:00:00;27680,898000000001;25306,671999999999
2023-01-26 09:00:00;27944,044999999998;25191,172999999999
2023-01-26 10:00:00;28120,669999999998;25184,824000000001
2023-01-26 11:00:00;28266,798999999999;25236,795999999998
2023-01-26 12:00:00;28152,784;25123,614000000001
2023-01-26 13:00:00;28082,038;25065,316999999999
2023-01-26 14:00:00;28255,848000000002;25248,133999999998
2023-01-26 15:00:00;28558,200000000001;25628,348999999998
2023-01-26 16:00:00;28618,25;25715,228999999999
2023-01-26 17:00:00;28464,23;25694,186000000002
2023-01-26 18:00:00;28539,847000000002;26169,369999999999
2023-01-26 19:00:00;29332,361000000001;27298,088
2023-01-26 20:00:00;28444,055;26587,199000000001
2023-01-26 21:00:00;26361,161;24671,147000000001
2023-01-26 22:00:00;24591,483;23196,028999999999
2023-01-26 23:00:00;23353,966;22097,327000000001
2023-01-27 00:00:00;22746,798999999999;21608,741999999998
2023-01-27 01:00:00;22370,263999999999;21296,299999999999
2023-01-27 02:00:00;22209,601999999999;21174,991000000002
2023-01-27 03:00:00;22320,934000000001;21303,081999999999
2023-01-27 04:00:00;23442,380000000001;22458,079000000002
2023-01-27 05:00:00;26118,451000000001;25132,433000000001
2023-01-27 06:00:00;27000,258000000002;25818,096000000001
2023-01-27 07:00:00;26918,803;25161,782999999999
2023-01-27 08:00:00;27949,194;25574,968000000001
2023-01-27 09:00:00;28418,223999999998;25665,351999999999
2023-01-27 10:00:00;28530,618999999999;25594,772000000001
2023-01-27 11:00:00;28380,772000000001;25350,769
2023-01-27 12:00:00;28304,07;25274,900000000001
2023-01-27 13:00:00;27985,487000000001;24968,766
2023-01-27 14:00:00;27929,762999999999;24922,048999999999
2023-01-27 15:00:00;27905,414000000001;24975,562999999998
2023-01-27 16:00:00;27817,685000000001;24914,665000000001
2023-01-27 17:00:00;27691,244999999999;24921,201000000001
2023-01-27 18:00:00;27501,037;25130,560000000001
2023-01-27 19:00:00;28155,553;26121,279999999999
2023-01-27 20:00:00;27403,173999999999;25546,317999999999
2023-01-27 21:00:00;25769,817999999999;24079,804
2023-01-27 22:00:00;24360,239000000001;22964,784
2023-01-27 23:00:00;23159,755000000001;21903,116999999998
2023-01-28 00:00:00;22359,138999999999;21221,082999999999
2023-01-28 01:00:00;22023,358;20949,394
2023-01-28 02:00:00;21718,786;20684,175999999999
2023-01-28 03:00:00;21776,065999999999;20758,214
2023-01-28 04:00:00;22081,452000000001;21097,151000000002
2023-01-28 05:00:00;22652,835999999999;21666,817999999999
2023-01-28 06:00:00;23641,971000000001;22459,810000000001
2023-01-28 07:00:00;25083,877;23326,858
2023-01-28 08:00:00;26574,580000000002;24200,355
2023-01-28 09:00:00;27135,427;24382,554
2023-01-28 10:00:00;27050,401999999998;24114,555
2023-01-28 11:00:00;26843,109;23813,106
2023-01-28 12:00:00;26717,850999999999;23688,682000000001
2023-01-28 13:00:00;26413,233;23396,512999999999
2023-01-28 14:00:00;26071,919999999998;23064,205999999998
2023-01-28 15:00:00;26038,512999999999;23108,662
2023-01-28 16:00:00;26142,543000000001;23239,523000000001
2023-01-28 17:00:00;26127,725999999999;23357,682000000001
2023-01-28 18:00:00;26436,168000000001;24065,690999999999
2023-01-28 19:00:00;27280,494999999999;25246,222000000002
2023-01-28 20:00:00;26494,665000000001;24637,809000000001
2023-01-28 21:00:00;24874,343000000001;23184,329000000002
2023-01-28 22:00:00;23413,236000000001;22017,781999999999
2023-01-28 23:00:00;22284,785;21028,147000000001
2023-01-29 00:00:00;21546,52;20408,464
2023-01-29 01:00:00;21153,833999999999;20079,869999999999
2023-01-29 02:00:00;20886,77;19852,16
2023-01-29 03:00:00;20887,91;19870,057000000001
2023-01-29 04:00:00;21115,360000000001;20131,058000000001
2023-01-29 05:00:00;21503,074000000001;20517,055
2023-01-29 06:00:00;22730,810000000001;21548,648000000001
2023-01-29 07:00:00;24456,938999999998;22699,919999999998
2023-01-29 08:00:00;25908,084999999999;23533,860000000001
2023-01-29 09:00:00;26402,787;23649,915000000001
2023-01-29 10:00:00;26269,999;23334,151999999998
2023-01-29 11:00:00;26181,661;23151,657999999999
2023-01-29 12:00:00;26092,309000000001;23063,138999999999
2023-01-29 13:00:00;25852,058000000001;22835,338
2023-01-29 14:00:00;25405,342000000001;22397,628000000001
2023-01-29 15:00:00;25325,605;22395,755000000001
2023-01-29 16:00:00;25521,850999999999;22618,830000000002
2023-01-29 17:00:00;25790,157999999999;23020,114000000001
2023-01-29 18:00:00;26319,094000000001;23948,616999999998
2023-01-29 19:00:00;27371,708999999999;25337,436000000002
2023-01-29 20:00:00;26584,903999999999;24728,047999999999
2023-01-29 21:00:00;24676,406999999999;22986,393
2023-01-29 22:00:00;23082,641;21687,187000000002
2023-01-29 23:00:00;21983,366999999998;20726,728999999999
2023-01-30 00:00:00;21397,128000000001;20259,071
2023-01-30 01:00:00;21190,169000000002;20116,205000000002
2023-01-30 02:00:00;21088,760999999999;20054,151000000002
2023-01-30 03:00:00;21230,328000000001;20212,474999999999
2023-01-30 04:00:00;22504,212;21519,911
2023-01-30 05:00:00;25245,039000000001;24259,021000000001
2023-01-30 06:00:00;26372,949000000001;25190,788
2023-01-30 07:00:00;26065,324000000001;24308,305
2023-01-30 08:00:00;27163,474999999999;24789,249
2023-01-30 09:00:00;27623,637999999999;24870,766
2023-01-30 10:00:00;27884,681;24948,833999999999
2023-01-30 11:00:00;27897,040000000001;24867,037
2023-01-30 12:00:00;27748,981;24719,811000000002
2023-01-30 13:00:00;27580,619999999999;24563,900000000001
2023-01-30 14:00:00;27732,149000000001;24724,435000000001
2023-01-30 15:00:00;28099,084999999999;25169,234
2023-01-30 16:00:00;28183,152999999998;25280,132000000001
2023-01-30 17:00:00;28122,825000000001;25352,781999999999
2023-01-30 18:00:00;28441,886999999999;26071,41
2023-01-30 19:00:00;29461,828000000001;27427,555
2023-01-30 20:00:00;28509,670999999998;26652,814999999999
2023-01-30 21:00:00;26257,334999999999;24567,321
2023-01-30 22:00:00;24270,127;22874,672999999999
2023-01-30 23:00:00;23148,310000000001;21891,670999999998
2023-01-31 00:00:00;22457,459999999999;21319,403999999999
2023-01-31 01:00:00;22106,133999999998;21032,169999999998
2023-01-31 02:00:00;21977,34;20942,728999999999
2023-01-31 03:00:00;22187,026999999998;21169,174999999999
2023-01-31 04:00:00;23306,385999999999;22322,083999999999
2023-01-31 05:00:00;26111,779999999999;25125,761999999999
2023-01-31 06:00:00;27029,279999999999;25847,118999999999
2023-01-31 07:00:00;26486,484;24729,464
2023-01-31 08:00:00;27354,797999999999;24980,572
2023-01-31 09:00:00;27628,218000000001;24875,346000000001
2023-01-31 10:00:00;27780,985000000001;24845,137999999999
2023-01-31 11:00:00;27753,678;24723,675999999999
2023-01-31 12:00:00;27741,607;24712,437000000002
2023-01-31 13:00:00;27719,764999999999;24703,044999999998
2023-01-31 14:00:00;27970,048999999999;24962,335999999999
2023-01-31 15:00:00;28213,440999999999;25283,59
2023-01-31 16:00:00;28390,401000000002;25487,380000000001
2023-01-31 17:00:00;28252,861000000001;25482,816999999999
2023-01-31 18:00:00;28209,761999999999;25839,285
2023-01-31 19:00:00;29446,988000000001;27412,715
2023-01-31 20:00:00;28597,655999999999;26740,799999999999
2023-01-31 21:00:00;26388,324000000001;24698,310000000001
2023-01-31 22:00:00;24385,240000000002;22989,786
2023-01-31 23:00:00;23174,847000000002;21918,208999999999
2023-02-01 00:00:00;22516,313999999998;21561,921999999999
2023-02-01 01:00:00;22170,093000000001;21261,75
2023-02-01 02:00:00;22094,096000000001;21236,608
2023-02-01 03:00:00;22357,986000000001;21553,439999999999
2023-02-01 04:00:00;23485,796999999999;22702,376
2023-02-01 05:00:00;26235,106;25449,91
2023-02-01 06:00:00;26992,723999999998;26102,52
2023-02-01 07:00:00;26603,064999999999;25172,476999999999
2023-02-01 08:00:00;27548,296999999999;25421,446
2023-02-01 09:00:00;27820,588;25257,416000000001
2023-02-01 10:00:00;27976,118999999999;25165,548999999999
2023-02-01 11:00:00;28015,592000000001;25062,600999999999
2023-02-01 12:00:00;28010,735000000001;24992,700000000001
2023-02-01 13:00:00;27968,968000000001;24981,048999999999
2023-02-01 14:00:00;28243,495999999999;25265,723999999998
2023-02-01 15:00:00;28694,251;25764,177
2023-02-01 16:00:00;28802,425999999999;25997,837
2023-02-01 17:00:00;28625,576000000001;26111,134999999998
2023-02-01 18:00:00;28659,560000000001;26617,16
2023-02-01 19:00:00;29681,312999999998;27892,028999999999
2023-02-01 20:00:00;28785,616000000002;27058,027999999998
2023-02-01 21:00:00;26563,679;25007,734
2023-02-01 22:00:00;24560,399000000001;23351,645
2023-02-01 23:00:00;23285,749;22245,789000000001
2023-02-02 00:00:00;22667,066999999999;21712,673999999999
2023-02-02 01:00:00;22273,263999999999;21364,920999999998
2023-02-02 02:00:00;22169,278999999999;21311,792000000001
2023-02-02 03:00:00;22305,353999999999;21500,807000000001
2023-02-02 04:00:00;23476,991999999998;22693,572
2023-02-02 05:00:00;26169,632000000001;25384,436000000002
2023-02-02 06:00:00;27082,233;26192,028999999999
2023-02-02 07:00:00;26656,689999999999;25226,100999999999
2023-02-02 08:00:00;27586,159;25459,308000000001
2023-02-02 09:00:00;27935,671999999999;25372,5
2023-02-02 10:00:00;28184,315999999999;25373,745999999999
2023-02-02 11:00:00;28332,499;25379,508999999998
2023-02-02 12:00:00;28305,118999999999;25287,083999999999
2023-02-02 13:00:00;28346,037;25358,117999999999
2023-02-02 14:00:00;28494,491000000002;25516,720000000001
2023-02-02 15:00:00;28763,035;25832,960999999999
2023-02-02 16:00:00;28777,857;25973,268
2023-02-02 17:00:00;28552,02;26037,578000000001
2023-02-02 18:00:00;28526,627;26484,226999999999
2023-02-02 19:00:00;29496,027999999998;27706,742999999999
2023-02-02 20:00:00;28663,096000000001;26935,508000000002
2023-02-02 21:00:00;26436,181;24880,236000000001
2023-02-02 22:00:00;24616,578000000001;23407,824000000001
2023-02-02 23:00:00;23425,042000000001;22385,081999999999
2023-02-03 00:00:00;22818,167000000001;21863,774000000001
2023-02-03 01:00:00;22405,201000000001;21496,858
2023-02-03 02:00:00;22234,028999999999;21376,542000000001
2023-02-03 03:00:00;22495,476999999999;21690,93
2023-02-03 04:00:00;23590,738000000001;22807,316999999999
2023-02-03 05:00:00;26321,606;25536,41
2023-02-03 06:00:00;27129,974999999999;26239,771000000001
2023-02-03 07:00:00;26927,357;25496,768
2023-02-03 08:00:00;27957,062000000002;25830,210999999999
2023-02-03 09:00:00;28312,101999999999;25748,93
2023-02-03 10:00:00;28496,334999999999;25685,766
2023-02-03 11:00:00;28481,933000000001;25528,941999999999
2023-02-03 12:00:00;28292,189999999999;25274,154999999999
2023-02-03 13:00:00;28061,284;25073,365000000002
2023-02-03 14:00:00;28057,058000000001;25079,286
2023-02-03 15:00:00;28084,575000000001;25154,501
2023-02-03 16:00:00;27947,048999999999;25142,459999999999
2023-02-03 17:00:00;27707,041000000001;25192,599999999999
2023-02-03 18:00:00;27650,414000000001;25608,013999999999
2023-02-03 19:00:00;28235,664000000001;26446,380000000001
2023-02-03 20:00:00;27476,845000000001;25749,256000000001
2023-02-03 21:00:00;25815,291000000001;24259,346000000001
2023-02-03 22:00:00;24224,151000000002;23015,397000000001
2023-02-03 23:00:00;23108,089;22068,128000000001
2023-02-04 00:00:00;22604,082999999999;21649,690999999999
2023-02-04 01:00:00;22137,682000000001;21229,34
2023-02-04 02:00:00;21802,878000000001;20945,391
2023-02-04 03:00:00;21836,627;21032,080000000002
2023-02-04 04:00:00;22072,779999999999;21289,360000000001
2023-02-04 05:00:00;22613,213;21828,017
2023-02-04 06:00:00;23598,869999999999;22708,666000000001
2023-02-04 07:00:00;25066,386999999999;23635,797999999999
2023-02-04 08:00:00;26474,218000000001;24347,366999999998
2023-02-04 09:00:00;26976,728999999999;24413,556
2023-02-04 10:00:00;26951,031999999999;24140,463
2023-02-04 11:00:00;26899,945;23946,955000000002
2023-02-04 12:00:00;26721,485000000001;23703,451000000001
2023-02-04 13:00:00;26509,064999999999;23521,146000000001
2023-02-04 14:00:00;26274,013999999999;23296,241999999998
2023-02-04 15:00:00;26139,133000000002;23209,058000000001
2023-02-04 16:00:00;26166,887999999999;23362,298999999999
2023-02-04 17:00:00;26410,406999999999;23895,965
2023-02-04 18:00:00;26619,627;24577,226999999999
2023-02-04 19:00:00;27467,567999999999;25678,282999999999
2023-02-04 20:00:00;26569,978999999999;24842,391
2023-02-04 21:00:00;24836,246999999999;23280,300999999999
2023-02-04 22:00:00;23155,690999999999;21946,937000000002
2023-02-04 23:00:00;22146,931;21106,971000000001
2023-02-05 00:00:00;21555,491000000002;20601,098999999998
2023-02-05 01:00:00;21157,572;20249,23
2023-02-05 02:00:00;20950,417000000001;20092,93
2023-02-05 03:00:00;20912,300999999999;20107,754000000001
2023-02-05 04:00:00;21058,743999999999;20275,323
2023-02-05 05:00:00;21420,439999999999;20635,243999999999
2023-02-05 06:00:00;22623,409;21733,205000000002
2023-02-05 07:00:00;24557,16;23126,572
2023-02-05 08:00:00;25860,239000000001;23733,387999999999
2023-02-05 09:00:00;26493,562000000002;23930,389999999999
2023-02-05 10:00:00;26353,348999999998;23542,779999999999
2023-02-05 11:00:00;26305,975999999999;23352,986000000001
2023-02-05 12:00:00;26249,540000000001;23231,505000000001
2023-02-05 13:00:00;25915,204000000002;22927,285
2023-02-05 14:00:00;25552,842000000001;22575,071
2023-02-05 15:00:00;25303,439999999999;22373,366000000002
2023-02-05 16:00:00;25576,474999999999;22771,885999999999
2023-02-05 17:00:00;25833,793000000001;23319,350999999999
2023-02-05 18:00:00;26304,363000000001;24261,963
2023-02-05 19:00:00;27582,638999999999;25793,355
2023-02-05 20:00:00;26799,329000000002;25071,741000000002
2023-02-05 21:00:00;24606,205000000002;23050,259999999998
2023-02-05 22:00:00;22981,922999999999;21773,168000000001
2023-02-05 23:00:00;21855,224999999999;20815,263999999999
2023-02-06 00:00:00;21333,304;20378,911
2023-02-06 01:00:00;20973,779999999999;20065,437000000002
2023-02-06 02:00:00;20703,663;19846,175999999999
2023-02-06 03:00:00;20985,468000000001;20180,920999999998
2023-02-06 04:00:00;22075,170999999998;21291,75
2023-02-06 05:00:00;25049,932000000001;24264,736000000001
2023-02-06 06:00:00;26200,559000000001;25310,356
2023-02-06 07:00:00;25764,909;24334,32
2023-02-06 08:00:00;26768,577000000001;24641,725999999999
2023-02-06 09:00:00;27258,407999999999;24695,235000000001
2023-02-06 10:00:00;27594,002;24783,433000000001
2023-02-06 11:00:00;27745,071;24792,080999999998
2023-02-06 12:00:00;27696,559000000001;24678,524000000001
2023-02-06 13:00:00;27589,295999999998;24601,377
2023-02-06 14:00:00;27783,269;24805,496999999999
2023-02-06 15:00:00;28131,701000000001;25201,627
2023-02-06 16:00:00;28298,815999999999;25494,226999999999
2023-02-06 17:00:00;28354,628000000001;25840,186000000002
2023-02-06 18:00:00;28707,683000000001;26665,282999999999
2023-02-06 19:00:00;29796,955999999998;28007,671999999999
2023-02-06 20:00:00;28501,891;26774,303
2023-02-06 21:00:00;26291,812999999998;24735,867999999999
2023-02-06 22:00:00;24244,638999999999;23035,884999999998
2023-02-06 23:00:00;23095,240000000002;22055,278999999999
2023-02-07 00:00:00;22518,866000000002;21564,473999999998
2023-02-07 01:00:00;22279,16;21370,816999999999
2023-02-07 02:00:00;22175,419000000002;21317,932000000001
2023-02-07 03:00:00;22403,232;21598,685000000001
2023-02-07 04:00:00;23546,067999999999;22762,647000000001
2023-02-07 05:00:00;26561,325000000001;25776,129000000001
2023-02-07 06:00:00;27373,759999999998;26483,556
2023-02-07 07:00:00;26763,766;25333,177
2023-02-07 08:00:00;27498,549999999999;25371,699000000001
2023-02-07 09:00:00;27647,956999999999;25084,785
2023-02-07 10:00:00;27786,483;24975,914000000001
2023-02-07 11:00:00;27915,414000000001;24962,423999999999
2023-02-07 12:00:00;27848,956999999999;24830,921999999999
2023-02-07 13:00:00;27831,303;24843,383999999998
2023-02-07 14:00:00;28086,415000000001;25108,644
2023-02-07 15:00:00;28474,506000000001;25544,432000000001
2023-02-07 16:00:00;28705,552;25900,963
2023-02-07 17:00:00;28734,224999999999;26219,782999999999
2023-02-07 18:00:00;29013,634999999998;26971,235000000001
2023-02-07 19:00:00;29786,23;27996,945
2023-02-07 20:00:00;28683,540000000001;26955,952000000001
2023-02-07 21:00:00;26439,169000000002;24883,223999999998
2023-02-07 22:00:00;24455,423999999999;23246,669999999998
2023-02-07 23:00:00;23239,760999999999;22199,799999999999
2023-02-08 00:00:00;22736,157999999999;21781,766
2023-02-08 01:00:00;22421,019;21512,675999999999
2023-02-08 02:00:00;22298,02;21440,531999999999
2023-02-08 03:00:00;22506,319;21701,773000000001
2023-02-08 04:00:00;23653,004000000001;22869,582999999999
2023-02-08 05:00:00;26369,43;25584,234
2023-02-08 06:00:00;27395,360000000001;26505,156999999999
2023-02-08 07:00:00;26889,974999999999;25459,386999999999
2023-02-08 08:00:00;27616,905999999999;25490,055
2023-02-08 09:00:00;27874,325000000001;25311,152999999998
2023-02-08 10:00:00;27990,044999999998;25179,475999999999
2023-02-08 11:00:00;28119,954000000002;25166,964
2023-02-08 12:00:00;28162,541000000001;25144,506000000001
2023-02-08 13:00:00;28088,871999999999;25100,953000000001
2023-02-08 14:00:00;28240,333999999999;25262,562000000002
2023-02-08 15:00:00;28717,348999999998;25787,275000000001
2023-02-08 16:00:00;28904,393;26099,804
2023-02-08 17:00:00;28734,748;26220,306
2023-02-08 18:00:00;29030,232;26987,831999999999
2023-02-08 19:00:00;29876,847000000002;28087,562999999998
2023-02-08 20:00:00;28737,243999999999;27009,655999999999
2023-02-08 21:00:00;26405,124;24849,178
2023-02-08 22:00:00;24688,899000000001;23480,145
2023-02-08 23:00:00;23456,759999999998;22416,799999999999
2023-02-09 00:00:00;22932,845000000001;21978,453000000001
2023-02-09 01:00:00;22619,807000000001;21711,464
2023-02-09 02:00:00;22496,753000000001;21639,266
2023-02-09 03:00:00;22644,008000000002;21839,460999999999
2023-02-09 04:00:00;23838,445;23055,024000000001
2023-02-09 05:00:00;26717,008000000002;25931,812000000002
2023-02-09 06:00:00;27746,366000000002;26856,162
2023-02-09 07:00:00;27088,329000000002;25657,740000000002
2023-02-09 08:00:00;27918,792000000001;25791,940999999999
2023-02-09 09:00:00;28233,727999999999;25670,556
2023-02-09 10:00:00;28365,168000000001;25554,598000000002
2023-02-09 11:00:00;28491,470000000001;25538,48
2023-02-09 12:00:00;28466,005000000001;25447,970000000001
2023-02-09 13:00:00;28384,201000000001;25396,281999999999
2023-02-09 14:00:00;28669,732;25691,959999999999
2023-02-09 15:00:00;29038,559000000001;26108,485000000001
2023-02-09 16:00:00;29251,664000000001;26447,075000000001
2023-02-09 17:00:00;29139,246999999999;26624,805
2023-02-09 18:00:00;29146,425999999999;27104,026000000002
2023-02-09 19:00:00;29984,531999999999;28195,248
2023-02-09 20:00:00;28816,841;27089,253000000001
2023-02-09 21:00:00;26610,151999999998;25054,206999999999
2023-02-09 22:00:00;24675,736000000001;23466,982
2023-02-09 23:00:00;23468,683000000001;22428,723000000002
2023-02-10 00:00:00;22830,882000000001;21876,489000000001
2023-02-10 01:00:00;22454,112000000001;21545,769
2023-02-10 02:00:00;22374,77;21517,282999999999
2023-02-10 03:00:00;22649,595000000001;21845,048999999999
2023-02-10 04:00:00;23807,386999999999;23023,966
2023-02-10 05:00:00;26592,325000000001;25807,129000000001
2023-02-10 06:00:00;27651,044000000002;26760,84
2023-02-10 07:00:00;27270,547999999999;25839,958999999999
2023-02-10 08:00:00;28278,636999999999;26151,786
2023-02-10 09:00:00;28512,178;25949,006000000001
2023-02-10 10:00:00;28644,868999999999;25834,299999999999
2023-02-10 11:00:00;28840,281999999999;25887,292000000001
2023-02-10 12:00:00;28730,352999999999;25712,317999999999
2023-02-10 13:00:00;28520,759999999998;25532,841
2023-02-10 14:00:00;28417,234;25439,462
2023-02-10 15:00:00;28437,191999999999;25507,116999999998
2023-02-10 16:00:00;28184,842000000001;25380,253000000001
2023-02-10 17:00:00;27934,771000000001;25420,329000000002
2023-02-10 18:00:00;27844,396000000001;25801,995999999999
2023-02-10 19:00:00;28980,524000000001;27191,240000000002
2023-02-10 20:00:00;28075,802;26348,213
2023-02-10 21:00:00;26347,466;24791,521000000001
2023-02-10 22:00:00;24750,962;23542,207999999999
2023-02-10 23:00:00;23628,513999999999;22588,554
2023-02-11 00:00:00;22730,779999999999;21776,386999999999
2023-02-11 01:00:00;22414,411;21506,069
2023-02-11 02:00:00;22181,936000000002;21324,449000000001
2023-02-11 03:00:00;22125,859;21321,312000000002
2023-02-11 04:00:00;22352,605;21569,184000000001
2023-02-11 05:00:00;22997,003000000001;22211,807000000001
2023-02-11 06:00:00;23895,272000000001;23005,067999999999
2023-02-11 07:00:00;25496,276000000002;24065,687999999998
2023-02-11 08:00:00;26889,821;24762,970000000001
2023-02-11 09:00:00;27411,624;24848,452000000001
2023-02-11 10:00:00;27276,169000000002;24465,599999999999
2023-02-11 11:00:00;27179,224999999999;24226,235000000001
2023-02-11 12:00:00;27108,495999999999;24090,462
2023-02-11 13:00:00;26902,305;23914,385999999999
2023-02-11 14:00:00;26610,084999999999;23632,312999999998
2023-02-11 15:00:00;26427,438999999998;23497,364000000001
2023-02-11 16:00:00;26526,603999999999;23722,014999999999
2023-02-11 17:00:00;26575,080999999998;24060,638999999999
2023-02-11 18:00:00;27056,600999999999;25014,201000000001
2023-02-11 19:00:00;27922,800999999999;26133,516
2023-02-11 20:00:00;27035,663;25308,075000000001
2023-02-11 21:00:00;25234,598000000002;23678,651999999998
2023-02-11 22:00:00;23594,612000000001;22385,858
2023-02-11 23:00:00;22493,216;21453,256000000001
2023-02-12 00:00:00;21794,829000000002;20840,436000000002
2023-02-12 01:00:00;21357,220000000001;20448,877
2023-02-12 02:00:00;21149,736000000001;20292,249
2023-02-12 03:00:00;21152,919000000002;20348,373
2023-02-12 04:00:00;21281,437000000002;20498,016
2023-02-12 05:00:00;21712,618999999999;20927,422999999999
2023-02-12 06:00:00;22864,214;21974,009999999998
2023-02-12 07:00:00;24731,638999999999;23301,050999999999
2023-02-12 08:00:00;25982,536;23855,685000000001
2023-02-12 09:00:00;26636,223000000002;24073,049999999999
2023-02-12 10:00:00;26561,842000000001;23751,273000000001
2023-02-12 11:00:00;26585,669000000002;23632,679
2023-02-12 12:00:00;26583,432000000001;23565,398000000001
2023-02-12 13:00:00;26280,263999999999;23292,345000000001
2023-02-12 14:00:00;25998,463;23020,690999999999
2023-02-12 15:00:00;25899,732;22969,657999999999
2023-02-12 16:00:00;26110,292000000001;23305,703000000001
2023-02-12 17:00:00;26360,056;23845,614000000001
2023-02-12 18:00:00;27000,099999999999;24957,700000000001
2023-02-12 19:00:00;28167,647000000001;26378,362000000001
2023-02-12 20:00:00;27163,183000000001;25435,594000000001
2023-02-12 21:00:00;24947,793000000001;23391,848000000002
2023-02-12 22:00:00;23219,021000000001;22010,267
2023-02-12 23:00:00;22065,950000000001;21025,989000000001
2023-02-13 00:00:00;21418,526999999998;20464,133999999998
2023-02-13 01:00:00;21199,795999999998;20291,453000000001
2023-02-13 02:00:00;21088,679;20231,191999999999
2023-02-13 03:00:00;21358,288;20553,741999999998
2023-02-13 04:00:00;22522,245999999999;21738,825000000001
2023-02-13 05:00:00;25424,181;24638,985000000001
2023-02-13 06:00:00;26687,105;25796,901000000002
2023-02-13 07:00:00;26420,596000000001;24990,008000000002
2023-02-13 08:00:00;27628,987000000001;25502,135999999999
2023-02-13 09:00:00;28067,450000000001;25504,276999999998
2023-02-13 10:00:00;28332,257000000001;25521,687000000002
2023-02-13 11:00:00;28415,008000000002;25462,017
2023-02-13 12:00:00;28342,812000000002;25324,776999999998
2023-02-13 13:00:00;28316,859;25328,939999999999
2023-02-13 14:00:00;28443,766;25465,994999999999
2023-02-13 15:00:00;28698,937000000002;25768,863000000001
2023-02-13 16:00:00;28964,565999999999;26159,976999999999
2023-02-13 17:00:00;28878,782999999999;26364,342000000001
2023-02-13 18:00:00;29099,923999999999;27057,524000000001
2023-02-13 19:00:00;29898,916000000001;28109,632000000001
2023-02-13 20:00:00;28562,369999999999;26834,781999999999
2023-02-13 21:00:00;26309,361000000001;24753,416000000001
2023-02-13 22:00:00;24294,668000000001;23085,914000000001
2023-02-13 23:00:00;23083,816999999999;22043,856
2023-02-14 00:00:00;22504,223000000002;21549,830999999998
2023-02-14 01:00:00;22227,034;21318,690999999999
2023-02-14 02:00:00;22114,517;21257,029999999999
2023-02-14 03:00:00;22239,813999999998;21435,267
2023-02-14 04:00:00;23401,947;22618,526999999998
2023-02-14 05:00:00;26267,246999999999;25482,050999999999
2023-02-14 06:00:00;27406,316999999999;26516,114000000001
2023-02-14 07:00:00;26876,587;25445,998
2023-02-14 08:00:00;27724,219000000001;25597,367999999999
2023-02-14 09:00:00;27988,565999999999;25425,393
2023-02-14 10:00:00;28055,731;25245,162
2023-02-14 11:00:00;28088,379000000001;25135,388999999999
2023-02-14 12:00:00;28024,808000000001;25006,774000000001
2023-02-14 13:00:00;28027,465;25039,546999999999
2023-02-14 14:00:00;28299,508999999998;25321,738000000001
2023-02-14 15:00:00;28711,491000000002;25781,417000000001
2023-02-14 16:00:00;28910,066999999999;26105,477999999999
2023-02-14 17:00:00;28866,377;26351,936000000002
2023-02-14 18:00:00;29132,338;27089,937999999998
2023-02-14 19:00:00;30069,243999999999;28279,959999999999
2023-02-14 20:00:00;28708,746999999999;26981,159
2023-02-14 21:00:00;26446,165000000001;24890,220000000001
2023-02-14 22:00:00;24415,853999999999;23207,099999999999
2023-02-14 23:00:00;23122,278999999999;22082,319
2023-02-15 00:00:00;22422,845000000001;21468,453000000001
2023-02-15 01:00:00;22161,268;21252,924999999999
2023-02-15 02:00:00;21950,784;21093,296999999999
2023-02-15 03:00:00;22158,894;21354,347000000002
2023-02-15 04:00:00;23407,781999999999;22624,361000000001
2023-02-15 05:00:00;26350,013999999999;25564,817999999999
2023-02-15 06:00:00;27499,263999999999;26609,060000000001
2023-02-15 07:00:00;26993,191999999999;25562,602999999999
2023-02-15 08:00:00;27720,553;25593,702000000001
2023-02-15 09:00:00;27840,862000000001;25277,688999999998
2023-02-15 10:00:00;27968,428;25157,859
2023-02-15 11:00:00;28128,721000000001;25175,731
2023-02-15 12:00:00;27993,797999999999;24975,763999999999
2023-02-15 13:00:00;27894,965;24907,045999999998
2023-02-15 14:00:00;28267,503000000001;25289,731
2023-02-15 15:00:00;28773,756000000001;25843,682000000001
2023-02-15 16:00:00;29005,667000000001;26201,078000000001
2023-02-15 17:00:00;28733,062000000002;26218,620999999999
2023-02-15 18:00:00;28916,504000000001;26874,105
2023-02-15 19:00:00;29758,198;27968,913
2023-02-15 20:00:00;28334,080000000002;26606,491999999998
2023-02-15 21:00:00;26196,541000000001;24640,596000000001
2023-02-15 22:00:00;24388,009999999998;23179,256000000001
2023-02-15 23:00:00;23105,416000000001;22065,455999999998
2023-02-16 00:00:00;22462,200000000001;21507,808000000001
2023-02-16 01:00:00;22144,972000000002;21236,630000000001
2023-02-16 02:00:00;22095,613000000001;21238,126
2023-02-16 03:00:00;22256,865000000002;21452,317999999999
2023-02-16 04:00:00;23453,093000000001;22669,671999999999
2023-02-16 05:00:00;26201,794000000002;25416,598000000002
2023-02-16 06:00:00;27456,876;26566,672999999999
2023-02-16 07:00:00;26834,088;25403,499
2023-02-16 08:00:00;27674,812000000002;25547,960999999999
2023-02-16 09:00:00;27919,540000000001;25356,366999999998
2023-02-16 10:00:00;27947,133999999998;25136,564999999999
2023-02-16 11:00:00;27983,215;25030,223999999998
2023-02-16 12:00:00;27834,459999999999;24816,424999999999
2023-02-16 13:00:00;27892,681;24904,761999999999
2023-02-16 14:00:00;28157,734;25179,962
2023-02-16 15:00:00;28521,874;25591,799999999999
2023-02-16 16:00:00;28724,965;25920,376
2023-02-16 17:00:00;28740,028999999999;26225,588
2023-02-16 18:00:00;28779,404999999999;26737,005000000001
2023-02-16 19:00:00;29595,401999999998;27806,116999999998
2023-02-16 20:00:00;28335,976999999999;26608,388999999999
2023-02-16 21:00:00;26167,464;24611,519
2023-02-16 22:00:00;24373,575000000001;23164,821
2023-02-16 23:00:00;23194,917000000001;22154,956999999999
2023-02-17 00:00:00;22579,856;21625,464
2023-02-17 01:00:00;22213,996999999999;21305,653999999999
2023-02-17 02:00:00;22161,613000000001;21304,125
2023-02-17 03:00:00;22298,582999999999;21494,036
2023-02-17 04:00:00;23569,502;22786,080999999998
2023-02-17 05:00:00;26242,423999999999;25457,227999999999
2023-02-17 06:00:00;27472,271000000001;26582,066999999999
2023-02-17 07:00:00;27051,619999999999;25621,030999999999
2023-02-17 08:00:00;27950,953000000001;25824,101999999999
2023-02-17 09:00:00;28166,527999999998;25603,356
2023-02-17 10:00:00;28260,544000000002;25449,974999999999
2023-02-17 11:00:00;28359,071;25406,080999999998
2023-02-17 12:00:00;28147,353999999999;25129,319
2023-02-17 13:00:00;27952,965;24965,045999999998
2023-02-17 14:00:00;28010,382000000001;25032,610000000001
2023-02-17 15:00:00;27948,281999999999;25018,206999999999
2023-02-17 16:00:00;27958,675999999999;25154,087
2023-02-17 17:00:00;27673,493999999999;25159,052
2023-02-17 18:00:00;27599,623;25557,223000000002
2023-02-17 19:00:00;28520,610000000001;26731,326000000001
2023-02-17 20:00:00;27449,056;25721,467000000001
2023-02-17 21:00:00;25722,644;24166,699000000001
2023-02-17 22:00:00;24161,769;22953,014999999999
2023-02-17 23:00:00;23039,588;21999,627
2023-02-18 00:00:00;22413,739000000001;21459,347000000002
2023-02-18 01:00:00;22056,880000000001;21148,537
2023-02-18 02:00:00;21728,716;20871,228999999999
2023-02-18 03:00:00;21772,689999999999;20968,143
2023-02-18 04:00:00;22056,173999999999;21272,754000000001
2023-02-18 05:00:00;22602,923999999999;21817,728999999999
2023-02-18 06:00:00;23635,735000000001;22745,531999999999
2023-02-18 07:00:00;25205,992999999999;23775,403999999999
2023-02-18 08:00:00;26749,438999999998;24622,588
2023-02-18 09:00:00;27312,034;24748,862000000001
2023-02-18 10:00:00;27181,146000000001;24370,576000000001
2023-02-18 11:00:00;26927,543000000001;23974,553
2023-02-18 12:00:00;26783,807000000001;23765,773000000001
2023-02-18 13:00:00;26387,458999999999;23399,540000000001
2023-02-18 14:00:00;26076,341;23098,569
2023-02-18 15:00:00;25935,616000000002;23005,542000000001
2023-02-18 16:00:00;25988,902999999998;23184,313999999998
2023-02-18 17:00:00;25978,236000000001;23463,794000000002
2023-02-18 18:00:00;26338,308000000001;24295,907999999999
2023-02-18 19:00:00;27619,782999999999;25830,498
2023-02-18 20:00:00;26591,106;24863,517
2023-02-18 21:00:00;24699,345000000001;23143,400000000001
2023-02-18 22:00:00;23328,225999999999;22119,472000000002
2023-02-18 23:00:00;22179,210999999999;21139,25
2023-02-19 00:00:00;21512,127;20557,735000000001
2023-02-19 01:00:00;21218,416000000001;20310,073
2023-02-19 02:00:00;21026,421999999999;20168,935000000001
2023-02-19 03:00:00;20864,268;20059,721000000001
2023-02-19 04:00:00;21066,686000000002;20283,266
2023-02-19 05:00:00;21326,84;20541,644
2023-02-19 06:00:00;22460,502;21570,297999999999
2023-02-19 07:00:00;24325,579000000002;22894,990000000002
2023-02-19 08:00:00;25599,985000000001;23473,133999999998
2023-02-19 09:00:00;26128,378000000001;23565,205999999998
2023-02-19 10:00:00;26076,098000000002;23265,528999999999
2023-02-19 11:00:00;26048,187999999998;23095,198
2023-02-19 12:00:00;25957,919999999998;22939,884999999998
2023-02-19 13:00:00;25603,294000000002;22615,375
2023-02-19 14:00:00;25191,834999999999;22214,062999999998
2023-02-19 15:00:00;25043,025000000001;22112,951000000001
2023-02-19 16:00:00;25341,848999999998;22537,259999999998
2023-02-19 17:00:00;25622,006000000001;23107,564999999999
2023-02-19 18:00:00;26260,870999999999;24218,471000000001
2023-02-19 19:00:00;27760,080999999998;25970,795999999998
2023-02-19 20:00:00;26769,674999999999;25042,087
2023-02-19 21:00:00;24838,897000000001;23282,952000000001
2023-02-19 22:00:00;23067,162;21858,407999999999
2023-02-19 23:00:00;21974,848999999998;20934,888999999999
2023-02-20 00:00:00;21401,219000000001;20446,826000000001
2023-02-20 01:00:00;21148,716;20240,373
2023-02-20 02:00:00;20958,814999999999;20101,328000000001
2023-02-20 03:00:00;21191,696;20387,149000000001
2023-02-20 04:00:00;22408,649000000001;21625,228999999999
2023-02-20 05:00:00;25283,948;24498,752
2023-02-20 06:00:00;26652,366999999998;25762,163
2023-02-20 07:00:00;26180,156999999999;24749,567999999999
2023-02-20 08:00:00;27209,734;25082,883000000002
2023-02-20 09:00:00;27638,063999999998;25074,892
2023-02-20 10:00:00;27944,481;25133,911
2023-02-20 11:00:00;28119,779999999999;25166,790000000001
2023-02-20 12:00:00;28048,636999999999;25030,601999999999
2023-02-20 13:00:00;28064,089;25076,169999999998
2023-02-20 14:00:00;28208,376;25230,603999999999
2023-02-20 15:00:00;28604,075000000001;25674,001
2023-02-20 16:00:00;28704,667000000001;25900,078000000001
2023-02-20 17:00:00;28593,191999999999;26078,75
2023-02-20 18:00:00;28843,888999999999;26801,489000000001
2023-02-20 19:00:00;29840,141;28050,856
2023-02-20 20:00:00;28432,901000000002;26705,312999999998
2023-02-20 21:00:00;26218,754000000001;24662,809000000001
2023-02-20 22:00:00;24227,143;23018,388999999999
2023-02-20 23:00:00;23119,350999999999;22079,389999999999
2023-02-21 00:00:00;22474,723999999998;21520,331999999999
2023-02-21 01:00:00;22165,821;21257,477999999999
2023-02-21 02:00:00;22032,611000000001;21175,124
2023-02-21 03:00:00;22282,742999999999;21478,197
2023-02-21 04:00:00;23415,959999999999;22632,539000000001
2023-02-21 05:00:00;26218,700000000001;25433,504000000001
2023-02-21 06:00:00;27365,16;26474,955999999998
2023-02-21 07:00:00;26662,791000000001;25232,202000000001
2023-02-21 08:00:00;27435,889999999999;25309,039000000001
2023-02-21 09:00:00;27651,268;25088,095000000001
2023-02-21 10:00:00;27817,044999999998;25006,475999999999
2023-02-21 11:00:00;27898,267;24945,276999999998
2023-02-21 12:00:00;27888,876;24870,841
2023-02-21 13:00:00;27890,976999999999;24903,058000000001
2023-02-21 14:00:00;28207,517;25229,744999999999
2023-02-21 15:00:00;28630,298999999999;25700,224999999999
2023-02-21 16:00:00;28871,234;26066,646000000001
2023-02-21 17:00:00;28791,231;26276,789000000001
2023-02-21 18:00:00;29085,402999999998;27043,003000000001
2023-02-21 19:00:00;29888,483;28099,199000000001
2023-02-21 20:00:00;28276,030999999999;26548,442999999999
2023-02-21 21:00:00;26177,350999999999;24621,405999999999
2023-02-21 22:00:00;24375,812000000002;23167,058000000001
2023-02-21 23:00:00;23129,008000000002;22089,047999999999
2023-02-22 00:00:00;22504,339;21549,946
2023-02-22 01:00:00;22241,218000000001;21332,875
2023-02-22 02:00:00;22177,616999999998;21320,129000000001
2023-02-22 03:00:00;22344,689999999999;21540,144
2023-02-22 04:00:00;23466,189999999999;22682,769
2023-02-22 05:00:00;26294,012999999999;25508,817999999999
2023-02-22 06:00:00;27493,003000000001;26602,799999999999
2023-02-22 07:00:00;27013,304;25582,715
2023-02-22 08:00:00;27759,305;25632,454000000002
2023-02-22 09:00:00;28012,394;25449,222000000002
2023-02-22 10:00:00;28087,128000000001;25276,558000000001
2023-02-22 11:00:00;28152,279999999999;25199,290000000001
2023-02-22 12:00:00;28019,477999999999;25001,444
2023-02-22 13:00:00;28113,313999999998;25125,396000000001
2023-02-22 14:00:00;28355,737000000001;25377,965
2023-02-22 15:00:00;28790,931;25860,856
2023-02-22 16:00:00;29033,128000000001;26228,539000000001
2023-02-22 17:00:00;28958,981;26444,540000000001
2023-02-22 18:00:00;29127,714;27085,313999999998
2023-02-22 19:00:00;29889,779999999999;28100,495999999999
2023-02-22 20:00:00;28378,974999999999;26651,386999999999
2023-02-22 21:00:00;26206,655999999999;24650,710999999999
2023-02-22 22:00:00;24369,029999999999;23160,275000000001
2023-02-22 23:00:00;23225,994999999999;22186,035
2023-02-23 00:00:00;22683,808000000001;21729,415000000001
2023-02-23 01:00:00;22457,862000000001;21549,519
2023-02-23 02:00:00;22333,138999999999;21475,651000000002
2023-02-23 03:00:00;22472,661;21668,114000000001
2023-02-23 04:00:00;23637,004000000001;22853,583999999999
2023-02-23 05:00:00;26281,286;25496,09
2023-02-23 06:00:00;27495,728999999999;26605,525000000001
2023-02-23 07:00:00;27085,299999999999;25654,710999999999
2023-02-23 08:00:00;27896,790000000001;25769,938999999998
2023-02-23 09:00:00;28055,927;25492,754000000001
2023-02-23 10:00:00;28330,506000000001;25519,936000000002
2023-02-23 11:00:00;28399,159;25446,169000000002
2023-02-23 12:00:00;28324,036;25306,001
2023-02-23 13:00:00;28288,468000000001;25300,548999999999
2023-02-23 14:00:00;28502,843000000001;25525,072
2023-02-23 15:00:00;28800,5;25870,425999999999
2023-02-23 16:00:00;28986,297999999999;26181,709999999999
2023-02-23 17:00:00;28944,694;26430,253000000001
2023-02-23 18:00:00;29228,748;27186,348000000002
2023-02-23 19:00:00;29957,463;28168,178
2023-02-23 20:00:00;28421,006000000001;26693,417000000001
2023-02-23 21:00:00;26234,864000000001;24678,919000000002
2023-02-23 22:00:00;24379,724999999999;23170,971000000001
2023-02-23 23:00:00;23126,378000000001;22086,418000000001
2023-02-24 00:00:00;22560,519;21606,126
2023-02-24 01:00:00;22195,025000000001;21286,682000000001
2023-02-24 02:00:00;22026,512999999999;21169,026000000002
2023-02-24 03:00:00;22248,638999999999;21444,092000000001
2023-02-24 04:00:00;23483,135999999999;22699,715
2023-02-24 05:00:00;26134,32;25349,125
2023-02-24 06:00:00;27258,383999999998;26368,18
2023-02-24 07:00:00;27004,331999999999;25573,743999999999
2023-02-24 08:00:00;27961,744999999999;25834,894
2023-02-24 09:00:00;28208,613000000001;25645,440999999999
2023-02-24 10:00:00;28458,455000000002;25647,884999999998
2023-02-24 11:00:00;28585,790000000001;25632,799999999999
2023-02-24 12:00:00;28397,131000000001;25379,096000000001
2023-02-24 13:00:00;28194,960999999999;25207,042000000001
2023-02-24 14:00:00;28141,419999999998;25163,648000000001
2023-02-24 15:00:00;28201,809000000001;25271,735000000001
2023-02-24 16:00:00;28032,235000000001;25227,647000000001
2023-02-24 17:00:00;27700,940999999999;25186,5
2023-02-24 18:00:00;27697,641;25655,241000000002
2023-02-24 19:00:00;28506,879000000001;26717,595000000001
2023-02-24 20:00:00;27333,382000000001;25605,794000000002
2023-02-24 21:00:00;25567,849999999999;24011,904999999999
2023-02-24 22:00:00;23923,414000000001;22714,66
2023-02-24 23:00:00;22781,319;21741,359
2023-02-25 00:00:00;22260,828000000001;21306,436000000002
2023-02-25 01:00:00;21864,512999999999;20956,169999999998
2023-02-25 02:00:00;21730,281999999999;20872,794999999998
2023-02-25 03:00:00;21743,011999999999;20938,465
2023-02-25 04:00:00;21923,93;21140,508999999998
2023-02-25 05:00:00;22524,223000000002;21739,026999999998
2023-02-25 06:00:00;23552,931;22662,726999999999
2023-02-25 07:00:00;25116,755000000001;23686,167000000001
2023-02-25 08:00:00;26415,171999999999;24288,321
2023-02-25 09:00:00;26929,003000000001;24365,830999999998
2023-02-25 10:00:00;26773,857;23963,288
2023-02-25 11:00:00;26678,494999999999;23725,505000000001
2023-02-25 12:00:00;26582,373;23564,339
2023-02-25 13:00:00;26366,154999999999;23378,236000000001
2023-02-25 14:00:00;26089,588;23111,815999999999
2023-02-25 15:00:00;25981,133999999998;23051,060000000001
2023-02-25 16:00:00;26119,425999999999;23314,837
2023-02-25 17:00:00;26247,027999999998;23732,585999999999
2023-02-25 18:00:00;26744,007000000001;24701,607
2023-02-25 19:00:00;27564,292000000001;25775,007000000001
2023-02-25 20:00:00;26207,692999999999;24480,105
2023-02-25 21:00:00;24542,289000000001;22986,344000000001
2023-02-25 22:00:00;23242,484;22033,728999999999
2023-02-25 23:00:00;22248,906999999999;21208,946
2023-02-26 00:00:00;21518,010999999999;20563,618999999999
2023-02-26 01:00:00;21086,499;20178,155999999999
2023-02-26 02:00:00;20893,257000000001;20035,77
2023-02-26 03:00:00;20868,512999999999;20063,966
2023-02-26 04:00:00;20959,371999999999;20175,952000000001
2023-02-26 05:00:00;21349,218000000001;20564,022000000001
2023-02-26 06:00:00;22546,912;21656,708999999999
2023-02-26 07:00:00;24519,625;23089,037
2023-02-26 08:00:00;25862,589;23735,738000000001
2023-02-26 09:00:00;26382,891;23819,718000000001
2023-02-26 10:00:00;26265,973000000002;23455,403999999999
2023-02-26 11:00:00;26199,452000000001;23246,462
2023-02-26 12:00:00;26045,226999999999;23027,192999999999
2023-02-26 13:00:00;25717,906999999999;22729,989000000001
2023-02-26 14:00:00;25377,23;22399,457999999999
2023-02-26 15:00:00;25301,756000000001;22371,681
2023-02-26 16:00:00;25561,272000000001;22756,683000000001
2023-02-26 17:00:00;25876,105;23361,663
2023-02-26 18:00:00;26610,357;24567,956999999999
2023-02-26 19:00:00;27612,664000000001;25823,379000000001
2023-02-26 20:00:00;26276,917000000001;24549,329000000002
2023-02-26 21:00:00;24215,585999999999;22659,641
2023-02-26 22:00:00;22664,898000000001;21456,144
2023-02-26 23:00:00;21710,834999999999;20670,874
2023-02-27 00:00:00;21139,303;20184,91
2023-02-27 01:00:00;20943,467000000001;20035,124
2023-02-27 02:00:00;20918,605;20061,117999999999
2023-02-27 03:00:00;21064,208999999999;20259,662
2023-02-27 04:00:00;22291,623;21508,203000000001
2023-02-27 05:00:00;25155,231;24370,035
2023-02-27 06:00:00;26767,740000000002;25877,536
2023-02-27 07:00:00;26283,984;24853,395
2023-02-27 08:00:00;27127,553;25000,702000000001
2023-02-27 09:00:00;27390,821;24827,649000000001
2023-02-27 10:00:00;27507,641;24697,071
2023-02-27 11:00:00;27618,369999999999;24665,380000000001
2023-02-27 12:00:00;27547,858;24529,824000000001
2023-02-27 13:00:00;27559,938999999998;24572,021000000001
2023-02-27 14:00:00;27714,137999999999;24736,366999999998
2023-02-27 15:00:00;28098,501;25168,427
2023-02-27 16:00:00;28411,835999999999;25607,246999999999
2023-02-27 17:00:00;28425,148000000001;25910,705999999998
2023-02-27 18:00:00;28897,004000000001;26854,603999999999
2023-02-27 19:00:00;29574,067999999999;27784,782999999999
2023-02-27 20:00:00;27973,25;26245,662
2023-02-27 21:00:00;25684,098000000002;24128,152999999998
2023-02-27 22:00:00;23858,929;22650,174999999999
2023-02-27 23:00:00;22815,651000000002;21775,689999999999
2023-02-28 00:00:00;22133,376;21178,983
2023-02-28 01:00:00;21860,375;20952,031999999999
2023-02-28 02:00:00;21708,806;20851,319
2023-02-28 03:00:00;21896,269;21091,722000000002
2023-02-28 04:00:00;23140,522000000001;22357,100999999999
2023-02-28 05:00:00;25944,351999999999;25159,155999999999
2023-02-28 06:00:00;27354,261999999999;26464,058000000001
2023-02-28 07:00:00;26767,835999999999;25337,246999999999
2023-02-28 08:00:00;27403,967000000001;25277,116000000002
2023-02-28 09:00:00;27484,261999999999;24921,09
2023-02-28 10:00:00;27593,231;24782,661
2023-02-28 11:00:00;27684,117999999999;24731,128000000001
2023-02-28 12:00:00;27537,257000000001;24519,223000000002
2023-02-28 13:00:00;27598,784;24610,866000000002
2023-02-28 14:00:00;27738,151999999998;24760,380000000001
2023-02-28 15:00:00;28217,892;25287,817999999999
2023-02-28 16:00:00;28343,971000000001;25539,382000000001
2023-02-28 17:00:00;28327,707999999999;25813,267
2023-02-28 18:00:00;28781,689999999999;26739,290000000001
2023-02-28 19:00:00;29780,508000000002;27991,223000000002
2023-02-28 20:00:00;28146,192999999999;26418,605
2023-02-28 21:00:00;25845,495999999999;24289,550999999999
2023-02-28 22:00:00;24005,184000000001;22796,43
2023-02-28 23:00:00;22842,665000000001;21802,704000000002
2023-03-01 00:00:00;22301,113000000001;21230,119999999999
2023-03-01 01:00:00;21960,588;20937,578000000001
2023-03-01 02:00:00;21843,866000000002;20863,370999999999
2023-03-01 03:00:00;22026,380000000001;21061,786
2023-03-01 04:00:00;23346,582999999999;22409,209999999999
2023-03-01 05:00:00;26025,23;25106,275000000001
2023-03-01 06:00:00;27282,044999999998;26349,924999999999
2023-03-01 07:00:00;26704,695;25448,335999999999
2023-03-01 08:00:00;27302,668000000001;25481,052
2023-03-01 09:00:00;27492,562999999998;25196,93
2023-03-01 10:00:00;27638,547999999999;25076,787
2023-03-01 11:00:00;27807,529999999999;25117,091
2023-03-01 12:00:00;27671,243999999999;24951,182000000001
2023-03-01 13:00:00;27591,353999999999;24885,762999999999
2023-03-01 14:00:00;27708,290000000001;25034,927
2023-03-01 15:00:00;28123,585999999999;25541,628000000001
2023-03-01 16:00:00;28362,895;25987,097000000002
2023-03-01 17:00:00;28315,624;26295,407999999999
2023-03-01 18:00:00;28676,594000000001;27029,254000000001
2023-03-01 19:00:00;29581,984;28014,019
2023-03-01 20:00:00;27937,572;26434,012999999999
2023-03-01 21:00:00;25981,620999999999;24597,404999999999
2023-03-01 22:00:00;24103,240000000002;22891,031999999999
2023-03-01 23:00:00;22946,055;21813,103999999999
2023-03-02 00:00:00;22327,73;21256,737000000001
2023-03-02 01:00:00;22059,522000000001;21036,512999999999
2023-03-02 02:00:00;21972,870999999999;20992,376
2023-03-02 03:00:00;22161,882000000001;21197,288
2023-03-02 04:00:00;23456,152999999998;22518,779999999999
2023-03-02 05:00:00;26120,220000000001;25201,264999999999
2023-03-02 06:00:00;27348,348999999998;26416,23
2023-03-02 07:00:00;26741,960999999999;25485,602999999999
2023-03-02 08:00:00;27401,870999999999;25580,254000000001
2023-03-02 09:00:00;27563,638999999999;25268,006000000001
2023-03-02 10:00:00;27584,642;25022,882000000001
2023-03-02 11:00:00;27628,144;24937,705000000002
2023-03-02 12:00:00;27660,527999999998;24940,466
2023-03-02 13:00:00;27685,738000000001;24980,147000000001
2023-03-02 14:00:00;27868,098999999998;25194,736000000001
2023-03-02 15:00:00;28254,251;25672,293000000001
2023-03-02 16:00:00;28427,609;26051,810000000001
2023-03-02 17:00:00;28346,707999999999;26326,491999999998
2023-03-02 18:00:00;28783,919000000002;27136,580000000002
2023-03-02 19:00:00;29565,863000000001;27997,898000000001
2023-03-02 20:00:00;27995,928;26492,368999999999
2023-03-02 21:00:00;25983,789000000001;24599,573
2023-03-02 22:00:00;24231,781999999999;23019,574000000001
2023-03-02 23:00:00;23090,147000000001;21957,195
2023-03-03 00:00:00;22461,007000000001;21390,013999999999
2023-03-03 01:00:00;22235,018;21212,008000000002
2023-03-03 02:00:00;22118,403999999999;21137,909
2023-03-03 03:00:00;22460,815999999999;21496,222000000002
2023-03-03 04:00:00;23539,279999999999;22601,906999999999
2023-03-03 05:00:00;26056,901000000002;25137,946
2023-03-03 06:00:00;27457,536;26525,416000000001
2023-03-03 07:00:00;27093,447;25837,089
2023-03-03 08:00:00;27854,674999999999;26033,059000000001
2023-03-03 09:00:00;28040,437999999998;25744,806
2023-03-03 10:00:00;28184,741000000002;25622,981
2023-03-03 11:00:00;28169,736000000001;25479,296999999999
2023-03-03 12:00:00;28041,09;25321,027999999998
2023-03-03 13:00:00;27667,203000000001;24961,612000000001
2023-03-03 14:00:00;27708,274000000001;25034,911
2023-03-03 15:00:00;27706,187999999998;25124,231
2023-03-03 16:00:00;27762,732;25386,934000000001
2023-03-03 17:00:00;27597,351999999999;25577,135999999999
2023-03-03 18:00:00;27919,503000000001;26272,164000000001
2023-03-03 19:00:00;28574,847000000002;27006,882000000001
2023-03-03 20:00:00;27326,560000000001;25823,001
2023-03-03 21:00:00;25612,542000000001;24228,326000000001
2023-03-03 22:00:00;24171,940999999999;22959,732
2023-03-03 23:00:00;23150,254000000001;22017,303
2023-03-04 00:00:00;22507,023000000001;21436,030999999999
2023-03-04 01:00:00;22142,403999999999;21119,394
2023-03-04 02:00:00;21913,807000000001;20933,311000000002
2023-03-04 03:00:00;21935,403999999999;20970,810000000001
2023-03-04 04:00:00;22241,246999999999;21303,874
2023-03-04 05:00:00;22822,553;21903,598000000002
2023-03-04 06:00:00;23981,998;23049,879000000001
2023-03-04 07:00:00;25454,956999999999;24198,598000000002
2023-03-04 08:00:00;26728,273000000001;24906,655999999999
2023-03-04 09:00:00;27121,106;24825,473000000002
2023-03-04 10:00:00;26944,605;24382,845000000001
2023-03-04 11:00:00;26761,712;24071,273000000001
2023-03-04 12:00:00;26477,57;23757,508999999998
2023-03-04 13:00:00;26212,679;23507,088
2023-03-04 14:00:00;25950,221000000001;23276,858
2023-03-04 15:00:00;25919,786;23337,828000000001
2023-03-04 16:00:00;26142,938999999998;23767,141
2023-03-04 17:00:00;26246,794000000002;24226,578000000001
2023-03-04 18:00:00;27013,970000000001;25366,630000000001
2023-03-04 19:00:00;27815,598000000002;26247,633000000002
2023-03-04 20:00:00;26387,799999999999;24884,241000000002
2023-03-04 21:00:00;24649,040000000001;23264,824000000001
2023-03-04 22:00:00;23324,630000000001;22112,421999999999
2023-03-04 23:00:00;22343,543000000001;21210,592000000001
2023-03-05 00:00:00;21512,452000000001;20441,458999999999
2023-03-05 01:00:00;21062,637999999999;20039,628000000001
2023-03-05 02:00:00;20800,297999999999;19819,803
2023-03-05 03:00:00;20806,936000000002;19842,342000000001
2023-03-05 04:00:00;21068,993999999999;20131,620999999999
2023-03-05 05:00:00;21512,302;20593,347000000002
2023-03-05 06:00:00;22713,276000000002;21781,155999999999
2023-03-05 07:00:00;24675,437000000002;23419,078000000001
2023-03-05 08:00:00;25968,837;24147,221000000001
2023-03-05 09:00:00;26364,002;24068,368999999999
2023-03-05 10:00:00;26346,942999999999;23785,183000000001
2023-03-05 11:00:00;26275,025000000001;23584,585999999999
2023-03-05 12:00:00;26188,385999999999;23468,324000000001
2023-03-05 13:00:00;25740,535;23034,942999999999
2023-03-05 14:00:00;25401,852999999999;22728,491000000002
2023-03-05 15:00:00;25277,406999999999;22695,450000000001
2023-03-05 16:00:00;25664,860000000001;23289,061000000002
2023-03-05 17:00:00;26068,23;24048,013999999999
2023-03-05 18:00:00;26963,823;25316,484
2023-03-05 19:00:00;27904,645;26336,68
2023-03-05 20:00:00;26470,789000000001;24967,23
2023-03-05 21:00:00;24440,455000000002;23056,239000000001
2023-03-05 22:00:00;22871,175999999999;21658,967000000001
2023-03-05 23:00:00;21780,674999999999;20647,723999999998
2023-03-06 00:00:00;21224,506000000001;20153,512999999999
2023-03-06 01:00:00;21034,5;20011,491000000002
2023-03-06 02:00:00;20909,190999999999;19928,696
2023-03-06 03:00:00;21118,365000000002;20153,771000000001
2023-03-06 04:00:00;22314,281999999999;21376,909
2023-03-06 05:00:00;24929,534;24010,579000000002
2023-03-06 06:00:00;26570,074000000001;25637,954000000002
2023-03-06 07:00:00;26245,991000000002;24989,633000000002
2023-03-06 08:00:00;27237,204000000002;25415,588
2023-03-06 09:00:00;27515,343000000001;25219,709999999999
2023-03-06 10:00:00;27773,713;25211,953000000001
2023-03-06 11:00:00;27930,264999999999;25239,826000000001
2023-03-06 12:00:00;27848,001;25127,938999999998
2023-03-06 13:00:00;27736,187999999998;25030,597000000002
2023-03-06 14:00:00;27952,824000000001;25279,462
2023-03-06 15:00:00;28365,875;25783,918000000001
2023-03-06 16:00:00;28610,114000000001;26234,314999999999
2023-03-06 17:00:00;28730,061000000002;26709,845000000001
2023-03-06 18:00:00;29411,121999999999;27763,782999999999
2023-03-06 19:00:00;29993,510999999999;28425,545999999998
2023-03-06 20:00:00;28163,190999999999;26659,632000000001
2023-03-06 21:00:00;26068,511999999999;24684,296999999999
2023-03-06 22:00:00;24226,036;23013,828000000001
2023-03-06 23:00:00;23130,580999999998;21997,629000000001
2023-03-07 00:00:00;22417,878000000001;21346,884999999998
2023-03-07 01:00:00;22065,231;21042,221000000001
2023-03-07 02:00:00;21925,517;20945,022000000001
2023-03-07 03:00:00;22063,98;21099,385999999999
2023-03-07 04:00:00;23329,553;22392,18
2023-03-07 05:00:00;25723,069;24804,114000000001
2023-03-07 06:00:00;27191,731;26259,611000000001
2023-03-07 07:00:00;26715,670999999998;25459,312000000002
2023-03-07 08:00:00;27432,710999999999;25611,094000000001
2023-03-07 09:00:00;27519,821;25224,187999999998
2023-03-07 10:00:00;27614,580999999998;25052,821
2023-03-07 11:00:00;27711,986000000001;25021,546999999999
2023-03-07 12:00:00;27602,088;24882,026000000002
2023-03-07 13:00:00;27575,059000000001;24869,468000000001
2023-03-07 14:00:00;27771,481;25098,117999999999
2023-03-07 15:00:00;28179,505000000001;25597,547999999999
2023-03-07 16:00:00;28508,296999999999;26132,499
2023-03-07 17:00:00;28561,312000000002;26541,095000000001
2023-03-07 18:00:00;29160,937000000002;27513,598000000002
2023-03-07 19:00:00;29740,471000000001;28172,506000000001
2023-03-07 20:00:00;27845,133999999998;26341,575000000001
2023-03-07 21:00:00;25645,394;24261,179
2023-03-07 22:00:00;23978,278999999999;22766,07
2023-03-07 23:00:00;22795,281999999999;21662,330000000002
2023-03-08 00:00:00;22302,959999999999;21231,967000000001
2023-03-08 01:00:00;21948,485000000001;20925,474999999999
2023-03-08 02:00:00;21808,080999999998;20827,585999999999
2023-03-08 03:00:00;22032,207999999999;21067,614000000001
2023-03-08 04:00:00;23267,294000000002;22329,920999999998
2023-03-08 05:00:00;25793,560000000001;24874,605
2023-03-08 06:00:00;27164,402999999998;26232,282999999999
2023-03-08 07:00:00;26756,082999999999;25499,724999999999
2023-03-08 08:00:00;27497,136999999999;25675,521000000001
2023-03-08 09:00:00;27717,201000000001;25421,567999999999
2023-03-08 10:00:00;27854,058000000001;25292,297999999999
2023-03-08 11:00:00;28065,672999999999;25375,235000000001
2023-03-08 12:00:00;27935,213;25215,151999999998
2023-03-08 13:00:00;27928,362000000001;25222,771000000001
2023-03-08 14:00:00;28065,932000000001;25392,569
2023-03-08 15:00:00;28441,632000000001;25859,674999999999
2023-03-08 16:00:00;28668,419000000002;26292,619999999999
2023-03-08 17:00:00;28682,608;26662,391
2023-03-08 18:00:00;29270,673999999999;27623,334999999999
2023-03-08 19:00:00;30088,823;28520,858
2023-03-08 20:00:00;28087,098999999998;26583,540000000001
2023-03-08 21:00:00;25989,507000000001;24605,291000000001
2023-03-08 22:00:00;24277,571;23065,363000000001
2023-03-08 23:00:00;23111,369999999999;21978,418000000001
2023-03-09 00:00:00;22639,526999999998;21568,534
2023-03-09 01:00:00;22338,484;21315,473999999998
2023-03-09 02:00:00;22185,692999999999;21205,197
2023-03-09 03:00:00;22397,592000000001;21432,996999999999
2023-03-09 04:00:00;23632,598999999998;22695,225999999999
2023-03-09 05:00:00;26189,325000000001;25270,369999999999
2023-03-09 06:00:00;27440,110000000001;26507,990000000002
2023-03-09 07:00:00;26934,09;25677,732
2023-03-09 08:00:00;27689,555;25867,938999999998
2023-03-09 09:00:00;27873,478999999999;25577,847000000002
2023-03-09 10:00:00;27997,866999999998;25436,107
2023-03-09 11:00:00;28108,601999999999;25418,164000000001
2023-03-09 12:00:00;28072,185000000001;25352,124
2023-03-09 13:00:00;27956,706999999999;25251,116000000002
2023-03-09 14:00:00;28209,787;25536,423999999999
2023-03-09 15:00:00;28521,718000000001;25939,760999999999
2023-03-09 16:00:00;28767,384999999998;26391,585999999999
2023-03-09 17:00:00;28947,736000000001;26927,519
2023-03-09 18:00:00;29466,917000000001;27819,578000000001
2023-03-09 19:00:00;30042,105;28474,139999999999
2023-03-09 20:00:00;28175,743999999999;26672,185000000001
2023-03-09 21:00:00;26044,404999999999;24660,189999999999
2023-03-09 22:00:00;24215,919000000002;23003,710999999999
2023-03-09 23:00:00;23038,164000000001;21905,212
2023-03-10 00:00:00;22591,003000000001;21520,009999999998
2023-03-10 01:00:00;22291,923999999999;21268,914000000001
2023-03-10 02:00:00;22215,967000000001;21235,472000000002
2023-03-10 03:00:00;22399,447;21434,852999999999
2023-03-10 04:00:00;23513,964;22576,591
2023-03-10 05:00:00;25921,575000000001;25002,619999999999
2023-03-10 06:00:00;27515,269;26583,149000000001
2023-03-10 07:00:00;27290,27;26033,911
2023-03-10 08:00:00;28100,393;26278,776000000002
2023-03-10 09:00:00;28353,398000000001;26057,766
2023-03-10 10:00:00;28568,637999999999;26006,878000000001
2023-03-10 11:00:00;28612,226999999999;25921,789000000001
2023-03-10 12:00:00;28549,503000000001;25829,440999999999
2023-03-10 13:00:00;28183,126;25477,535
2023-03-10 14:00:00;28019,758999999998;25346,396000000001
2023-03-10 15:00:00;28172,911;25590,954000000002
2023-03-10 16:00:00;28251,120999999999;25875,322
2023-03-10 17:00:00;28235,079000000002;26214,863000000001
2023-03-10 18:00:00;28579,276999999998;26931,937000000002
2023-03-10 19:00:00;29024,018;27456,052
2023-03-10 20:00:00;27598,348000000002;26094,789000000001
2023-03-10 21:00:00;25908,010999999999;24523,795999999998
2023-03-10 22:00:00;24388,826000000001;23176,617999999999
2023-03-10 23:00:00;23316,274000000001;22183,322
2023-03-11 00:00:00;22628,529999999999;21557,537
2023-03-11 01:00:00;22162,481;21139,471000000001
2023-03-11 02:00:00;21938,280999999999;20957,786
2023-03-11 03:00:00;21977,956999999999;21013,363000000001
2023-03-11 04:00:00;22273,753000000001;21336,380000000001
2023-03-11 05:00:00;22901,705999999998;21982,751
2023-03-11 06:00:00;24039,386999999999;23107,267
2023-03-11 07:00:00;25692,580000000002;24436,222000000002
2023-03-11 08:00:00;27043,133999999998;25221,518
2023-03-11 09:00:00;27429,761999999999;25134,129000000001
2023-03-11 10:00:00;27291,474999999999;24729,715
2023-03-11 11:00:00;27184,633999999998;24494,196
2023-03-11 12:00:00;26989,294000000002;24269,233
2023-03-11 13:00:00;26619,759999999998;23914,169000000002
2023-03-11 14:00:00;26262,573;23589,209999999999
2023-03-11 15:00:00;26074,460999999999;23492,503000000001
2023-03-11 16:00:00;26239,216;23863,417000000001
2023-03-11 17:00:00;26456,892;24436,675999999999
2023-03-11 18:00:00;27247,588;25600,249
2023-03-11 19:00:00;27946,329000000002;26378,364000000001
2023-03-11 20:00:00;26363,690999999999;24860,132000000001
2023-03-11 21:00:00;24625,003000000001;23240,788
2023-03-11 22:00:00;23250,803;22038,594000000001
2023-03-11 23:00:00;22129,446;20996,493999999999
2023-03-12 00:00:00;21419,156999999999;20348,164000000001
2023-03-12 01:00:00;20998,581999999999;19975,572
2023-03-12 02:00:00;20796,785;19816,290000000001
2023-03-12 03:00:00;20778,999;19814,404999999999
2023-03-12 04:00:00;20984,585999999999;20047,214
2023-03-12 05:00:00;21416,580999999998;20497,626
2023-03-12 06:00:00;22583,975999999999;21651,857
2023-03-12 07:00:00;24491,222000000002;23234,863000000001
2023-03-12 08:00:00;25892,144;24070,527999999998
2023-03-12 09:00:00;26392,382000000001;24096,749
2023-03-12 10:00:00;26393,826000000001;23832,064999999999
2023-03-12 11:00:00;26399,562000000002;23709,124
2023-03-12 12:00:00;26247,074000000001;23527,011999999999
2023-03-12 13:00:00;25886,958999999999;23181,366999999998
2023-03-12 14:00:00;25426,525000000001;22753,162
2023-03-12 15:00:00;25344,298999999999;22762,342000000001
2023-03-12 16:00:00;25670,948;23295,150000000001
2023-03-12 17:00:00;26105,625;24085,407999999999
2023-03-12 18:00:00;27069,597000000002;25422,258000000002
2023-03-12 19:00:00;27824,527999999998;26256,562999999998
2023-03-12 20:00:00;26190,921999999999;24687,363000000001
2023-03-12 21:00:00;24345,543000000001;22961,328000000001
2023-03-12 22:00:00;22817,445;21605,236000000001
2023-03-12 23:00:00;21761,952000000001;20629
2023-03-13 00:00:00;21240,185000000001;20169,191999999999
2023-03-13 01:00:00;21005,163;19982,152999999998
2023-03-13 02:00:00;20918,207999999999;19937,713
2023-03-13 03:00:00;21185,476999999999;20220,883000000002
2023-03-13 04:00:00;22351;21413,628000000001
2023-03-13 05:00:00;25122,276000000002;24203,321
2023-03-13 06:00:00;26985,333999999999;26053,214
2023-03-13 07:00:00;26534,083999999999;25277,725999999999
2023-03-13 08:00:00;27499,704000000002;25678,087
2023-03-13 09:00:00;27897,323;25601,689999999999
2023-03-13 10:00:00;28114,411;25552,651000000002
2023-03-13 11:00:00;28247,687999999998;25557,25
2023-03-13 12:00:00;28177,649000000001;25457,588
2023-03-13 13:00:00;28177,547999999999;25471,956999999999
2023-03-13 14:00:00;28159,137999999999;25485,775000000001
2023-03-13 15:00:00;28589,185000000001;26007,227999999999
2023-03-13 16:00:00;28869,476999999999;26493,678
2023-03-13 17:00:00;29137,758999999998;27117,542000000001
2023-03-13 18:00:00;29904,673999999999;28257,334999999999
2023-03-13 19:00:00;29925,560000000001;28357,595000000001
2023-03-13 20:00:00;27786,341;26282,781999999999
2023-03-13 21:00:00;25745,692999999999;24361,476999999999
2023-03-13 22:00:00;23925,487000000001;22713,277999999998
2023-03-13 23:00:00;22740,431;21607,48
2023-03-14 00:00:00;22145,829000000002;21074,837
2023-03-14 01:00:00;21870,665000000001;20847,654999999999
2023-03-14 02:00:00;21763,375;20782,880000000001
2023-03-14 03:00:00;22061,146000000001;21096,552
2023-03-14 04:00:00;23286,904999999999;22349,531999999999
2023-03-14 05:00:00;25734,713;24815,758000000002
2023-03-14 06:00:00;27428;26495,880000000001
2023-03-14 07:00:00;27056,985000000001;25800,627
2023-03-14 08:00:00;27755,588;25933,971000000001
2023-03-14 09:00:00;27893,490000000002;25597,857
2023-03-14 10:00:00;27976,671999999999;25414,912
2023-03-14 11:00:00;28114,447;25424,008000000002
2023-03-14 12:00:00;27981,202000000001;25261,141
2023-03-14 13:00:00;27797,728999999999;25092,137999999999
2023-03-14 14:00:00;27926,437999999998;25253,075000000001
2023-03-14 15:00:00;28378,488000000001;25796,529999999999
2023-03-14 16:00:00;28697,339;26321,540000000001
2023-03-14 17:00:00;28857,486000000001;26837,27
2023-03-14 18:00:00;29668,478999999999;28021,138999999999
2023-03-14 19:00:00;29876,198;28308,233
2023-03-14 20:00:00;27795,137999999999;26291,579000000002
2023-03-14 21:00:00;25749,324000000001;24365,109
2023-03-14 22:00:00;23980,627;22768,419000000002
2023-03-14 23:00:00;22810,234;21677,282999999999
2023-03-15 00:00:00;22238,251;21167,258000000002
2023-03-15 01:00:00;21953,925999999999;20930,916000000001
2023-03-15 02:00:00;21827,866000000002;20847,370999999999
2023-03-15 03:00:00;22045,627;21081,032999999999
2023-03-15 04:00:00;23195,659;22258,286
2023-03-15 05:00:00;25595,580000000002;24676,625
2023-03-15 06:00:00;27297,266;26365,146000000001
2023-03-15 07:00:00;27026,433000000001;25770,074000000001
2023-03-15 08:00:00;27770,376;25948,759999999998
2023-03-15 09:00:00;28024,618999999999;25728,986000000001
2023-03-15 10:00:00;28062,496999999999;25500,737000000001
2023-03-15 11:00:00;28036,915000000001;25346,475999999999
2023-03-15 12:00:00;28007,462;25287,400000000001
2023-03-15 13:00:00;28045,014999999999;25339,423999999999
2023-03-15 14:00:00;28151,887999999999;25478,525000000001
2023-03-15 15:00:00;28551,332999999999;25969,376
2023-03-15 16:00:00;28856,726999999999;26480,928
2023-03-15 17:00:00;28922,629000000001;26902,413
2023-03-15 18:00:00;29885,280999999999;28237,941999999999
2023-03-15 19:00:00;30120,741999999998;28552,776999999998
2023-03-15 20:00:00;28014,082999999999;26510,524000000001
2023-03-15 21:00:00;25871,485000000001;24487,27
2023-03-15 22:00:00;24204,121999999999;22991,913
2023-03-15 23:00:00;23031,697;21898,745999999999
2023-03-16 00:00:00;22313,706999999999;21242,714
2023-03-16 01:00:00;22068,387999999999;21045,378000000001
2023-03-16 02:00:00;21894,556;20914,061000000002
2023-03-16 03:00:00;22104,159;21139,564999999999
2023-03-16 04:00:00;23212,957999999999;22275,584999999999
2023-03-16 05:00:00;25445,157999999999;24526,203000000001
2023-03-16 06:00:00;27010,149000000001;26078,029999999999
2023-03-16 07:00:00;27050,411;25794,052
2023-03-16 08:00:00;27924,934000000001;26103,317999999999
2023-03-16 09:00:00;28151,436000000002;25855,803
2023-03-16 10:00:00;28263,542000000001;25701,781999999999
2023-03-16 11:00:00;28314,591;25624,152999999998
2023-03-16 12:00:00;28265,225999999999;25545,164000000001
2023-03-16 13:00:00;28202,050999999999;25496,458999999999
2023-03-16 14:00:00;28306,732;25633,368999999999
2023-03-16 15:00:00;28617,259999999998;26035,303
2023-03-16 16:00:00;28869,599999999999;26493,800999999999
2023-03-16 17:00:00;29025,833999999999;27005,617999999999
2023-03-16 18:00:00;29829,710999999999;28182,371999999999
2023-03-16 19:00:00;29993,969000000001;28426,004000000001
2023-03-16 20:00:00;28005,776999999998;26502,218000000001
2023-03-16 21:00:00;25963,362000000001;24579,146000000001
2023-03-16 22:00:00;24170,837;22958,629000000001
2023-03-16 23:00:00;23048,691999999999;21915,741000000002
2023-03-17 00:00:00;22427,751;21356,758999999998
2023-03-17 01:00:00;22114,049999999999;21091,040000000001
2023-03-17 02:00:00;21974,107;20993,612000000001
2023-03-17 03:00:00;22103,947;21139,352999999999
2023-03-17 04:00:00;23153,966;22216,593000000001
2023-03-17 05:00:00;25224,914000000001;24305,958999999999
2023-03-17 06:00:00;26887,163;25955,043000000001
2023-03-17 07:00:00;27294,602999999999;26038,244999999999
2023-03-17 08:00:00;28202,054;26380,437000000002
2023-03-17 09:00:00;28459,717000000001;26164,083999999999
2023-03-17 10:00:00;28633,616000000002;26071,856
2023-03-17 11:00:00;28635,948;25945,509999999998
2023-03-17 12:00:00;28463,937999999998;25743,877
2023-03-17 13:00:00;28141,572;25435,981
2023-03-17 14:00:00;27997,697;25324,333999999999
2023-03-17 15:00:00;27974,794000000002;25392,835999999999
2023-03-17 16:00:00;27910,626;25534,827000000001
2023-03-17 17:00:00;27888,467000000001;25868,25
2023-03-17 18:00:00;28379,799999999999;26732,459999999999
2023-03-17 19:00:00;28663,316999999999;27095,351999999999
2023-03-17 20:00:00;27232,531999999999;25728,973000000002
2023-03-17 21:00:00;25577,935000000001;24193,720000000001
2023-03-17 22:00:00;24044,492999999999;22832,284
2023-03-17 23:00:00;23012,672999999999;21879,722000000002
2023-03-18 00:00:00;22237,974999999999;21166,982
2023-03-18 01:00:00;21859,968000000001;20836,958999999999
2023-03-18 02:00:00;21622,195;20641,700000000001
2023-03-18 03:00:00;21643,978999999999;20679,384999999998
2023-03-18 04:00:00;21893,881000000001;20956,508000000002
2023-03-18 05:00:00;22526,919000000002;21607,964
2023-03-18 06:00:00;23623,794999999998;22691,674999999999
2023-03-18 07:00:00;25258,789000000001;24002,43
2023-03-18 08:00:00;26638,887999999999;24817,271000000001
2023-03-18 09:00:00;27186,763999999999;24891,131000000001
2023-03-18 10:00:00;27157,309000000001;24595,548999999999
2023-03-18 11:00:00;26960,134999999998;24269,697
2023-03-18 12:00:00;26763,312000000002;24043,25
2023-03-18 13:00:00;26458,310000000001;23752,719000000001
2023-03-18 14:00:00;25981,616000000002;23308,253000000001
2023-03-18 15:00:00;25828,019;23246,061000000002
2023-03-18 16:00:00;26042,006000000001;23666,207999999999
2023-03-18 17:00:00;26347,897000000001;24327,681
2023-03-18 18:00:00;27370,146000000001;25722,807000000001
2023-03-18 19:00:00;27595,776000000002;26027,811000000002
2023-03-18 20:00:00;25975,233;24471,673999999999
2023-03-18 21:00:00;24390,417000000001;23006,202000000001
2023-03-18 22:00:00;23046,066999999999;21833,859
2023-03-18 23:00:00;21927,187000000002;20794,235000000001
2023-03-19 00:00:00;21280,897000000001;20209,903999999999
2023-03-19 01:00:00;20839,335999999999;19816,327000000001
2023-03-19 02:00:00;20677,824000000001;19697,329000000002
2023-03-19 03:00:00;20711,293000000001;19746,698
2023-03-19 04:00:00;20937,937999999998;20000,564999999999
2023-03-19 05:00:00;21338,150000000001;20419,195
2023-03-19 06:00:00;22368,687000000002;21436,566999999999
2023-03-19 07:00:00;24246,802;22990,444
2023-03-19 08:00:00;25884,880000000001;24063,262999999999
2023-03-19 09:00:00;26641,168000000001;24345,535
2023-03-19 10:00:00;26687,998;24126,238000000001
2023-03-19 11:00:00;26621,352999999999;23930,914000000001
2023-03-19 12:00:00;26359,848999999998;23639,788
2023-03-19 13:00:00;25915,649000000001;23210,058000000001
2023-03-19 14:00:00;25448,963;22775,599999999999
2023-03-19 15:00:00;25396,044999999998;22814,088
2023-03-19 16:00:00;25641,107;23265,308000000001
2023-03-19 17:00:00;26072,355;24052,138999999999
2023-03-19 18:00:00;27214,253000000001;25566,914000000001
2023-03-19 19:00:00;27571,049999999999;26003,084999999999
2023-03-19 20:00:00;25921,396000000001;24417,837
2023-03-19 21:00:00;24167,735000000001;22783,519
2023-03-19 22:00:00;22628,334999999999;21416,127
2023-03-19 23:00:00;21585,687000000002;20452,735000000001
2023-03-20 00:00:00;21063,690999999999;19992,698
2023-03-20 01:00:00;20853,41;19830,400000000001
2023-03-20 02:00:00;20769,342000000001;19788,847000000002
2023-03-20 03:00:00;20790,599999999999;19826,005000000001
2023-03-20 04:00:00;21681,761999999999;20744,388999999999
2023-03-20 05:00:00;23205,028999999999;22286,074000000001
2023-03-20 06:00:00;24632,417000000001;23700,296999999999
2023-03-20 07:00:00;26126,417000000001;24870,058000000001
2023-03-20 08:00:00;27499,153999999999;25677,538
2023-03-20 09:00:00;27844,955999999998;25549,323
2023-03-20 10:00:00;28055,094000000001;25493,333999999999
2023-03-20 11:00:00;27993,960999999999;25303,522000000001
2023-03-20 12:00:00;27956,073;25236,010999999999
2023-03-20 13:00:00;27846,060000000001;25140,469000000001
2023-03-20 14:00:00;27711,207999999999;25037,845000000001
2023-03-20 15:00:00;27893,717000000001;25311,759999999998
2023-03-20 16:00:00;28073,857;25698,058000000001
2023-03-20 17:00:00;28149,593000000001;26129,376
2023-03-20 18:00:00;29090,128000000001;27442,789000000001
2023-03-20 19:00:00;29142,508999999998;27574,544000000002
2023-03-20 20:00:00;27115,488000000001;25611,929
2023-03-20 21:00:00;25419,741000000002;24035,526000000002
2023-03-20 22:00:00;23617,758000000002;22405,549999999999
2023-03-20 23:00:00;22500,969000000001;21368,017
2023-03-21 00:00:00;21506,5;20435,507000000001
2023-03-21 01:00:00;21178,557000000001;20155,546999999999
2023-03-21 02:00:00;21071,669999999998;20091,174999999999
2023-03-21 03:00:00;21200,75;20236,155999999999
2023-03-21 04:00:00;21498,891;20561,518
2023-03-21 05:00:00;22133,401999999998;21214,447
2023-03-21 06:00:00;22839,751;21907,631000000001
2023-03-21 07:00:00;24193,691999999999;22937,332999999999
2023-03-21 08:00:00;25889,09;24067,473000000002
2023-03-21 09:00:00;26784,073;24488,439999999999
2023-03-21 10:00:00;27037,370999999999;24475,611000000001
2023-03-21 11:00:00;26978,57;24288,131000000001
2023-03-21 12:00:00;26787,369999999999;24067,309000000001
2023-03-21 13:00:00;26433,686000000002;23728,095000000001
2023-03-21 14:00:00;26056,776999999998;23383,414000000001
2023-03-21 15:00:00;26281,072;23699,115000000002
2023-03-21 16:00:00;26617,488000000001;24241,688999999998
2023-03-21 17:00:00;27116,098000000002;25095,882000000001
2023-03-21 18:00:00;28545,57;26898,231
2023-03-21 19:00:00;28835,775000000001;27267,810000000001
2023-03-21 20:00:00;26898,953000000001;25395,394
2023-03-21 21:00:00;24907,473999999998;23523,258000000002
2023-03-21 22:00:00;23125,681;21913,473000000002
2023-03-21 23:00:00;22140,034;21007,081999999999
2023-03-22 00:00:00;21520,362000000001;20449,368999999999
2023-03-22 01:00:00;21274,772000000001;20251,761999999999
2023-03-22 02:00:00;21240,446;20259,951000000001
2023-03-22 03:00:00;21437,395;20472,800999999999
2023-03-22 04:00:00;22566,566999999999;21629,194
2023-03-22 05:00:00;25231,457999999999;24312,503000000001
2023-03-22 06:00:00;27097,319;26165,199000000001
2023-03-22 07:00:00;26928,195;25671,835999999999
2023-03-22 08:00:00;27806,517;25984,901000000002
2023-03-22 09:00:00;28013,972000000002;25718,34
2023-03-22 10:00:00;28173,781999999999;25612,022000000001
2023-03-22 11:00:00;28379,692999999999;25689,255000000001
2023-03-22 12:00:00;28231,906999999999;25511,845000000001
2023-03-22 13:00:00;28178,205000000002;25472,614000000001
2023-03-22 14:00:00;28291,478999999999;25618,116000000002
2023-03-22 15:00:00;28654,846000000001;26072,888999999999
2023-03-22 16:00:00;28977,896000000001;26602,098000000002
2023-03-22 17:00:00;29213,494999999999;27193,278999999999
2023-03-22 18:00:00;30319,349999999999;28672,010999999999
2023-03-22 19:00:00;30198,939999999999;28630,974999999999
2023-03-22 20:00:00;28071,679;26568,119999999999
2023-03-22 21:00:00;26033,517;24649,302
2023-03-22 22:00:00;24185,369999999999;22973,161
2023-03-22 23:00:00;23053,422999999999;21920,471000000001
2023-03-23 00:00:00;22392,487000000001;21321,493999999999
2023-03-23 01:00:00;22083,821;21060,812000000002
2023-03-23 02:00:00;22020,571;21040,076000000001
2023-03-23 03:00:00;22248,302;21283,707999999999
2023-03-23 04:00:00;23359,602999999999;22422,23
2023-03-23 05:00:00;25695,156999999999;24776,202000000001
2023-03-23 06:00:00;27394,498;26462,378000000001
2023-03-23 07:00:00;27303,57;26047,212
2023-03-23 08:00:00;27990,487000000001;26168,870999999999
2023-03-23 09:00:00;28203,911;25908,277999999998
2023-03-23 10:00:00;28330,249;25768,489000000001
2023-03-23 11:00:00;28426,009999999998;25735,572
2023-03-23 12:00:00;28326,294000000002;25606,233
2023-03-23 13:00:00;28194,989000000001;25489,398000000001
2023-03-23 14:00:00;28412,469000000001;25739,106
2023-03-23 15:00:00;28960,919999999998;26378,963
2023-03-23 16:00:00;29334,343000000001;26958,544000000002
2023-03-23 17:00:00;29467,987000000001;27447,771000000001
2023-03-23 18:00:00;30339,849999999999;28692,510999999999
2023-03-23 19:00:00;29967,055;28399,09
2023-03-23 20:00:00;28002,656999999999;26499,098000000002
2023-03-23 21:00:00;25889,521000000001;24505,305
2023-03-23 22:00:00;24231,937000000002;23019,728999999999
2023-03-23 23:00:00;23040,922999999999;21907,971000000001
2023-03-24 00:00:00;22463,546999999999;21392,554
2023-03-24 01:00:00;22088,098000000002;21065,088
2023-03-24 02:00:00;21989,732;21009,237000000001
2023-03-24 03:00:00;22318,016;21353,421999999999
2023-03-24 04:00:00;23421,974999999999;22484,602999999999
2023-03-24 05:00:00;25621,016;24702,061000000002
2023-03-24 06:00:00;27403,383000000002;26471,262999999999
2023-03-24 07:00:00;27453,275000000001;26196,916000000001
2023-03-24 08:00:00;28283,096000000001;26461,478999999999
2023-03-24 09:00:00;28491,431;26195,797999999999
2023-03-24 10:00:00;28656,044999999998;26094,285
2023-03-24 11:00:00;28618,376;25927,937000000002
2023-03-24 12:00:00;28388,065999999999;25668,004000000001
2023-03-24 13:00:00;27980,379000000001;25274,788
2023-03-24 14:00:00;27926,784;25253,420999999998
2023-03-24 15:00:00;27880,473999999998;25298,516
2023-03-24 16:00:00;27952,253000000001;25576,455000000002
2023-03-24 17:00:00;28059,131000000001;26038,914000000001
2023-03-24 18:00:00;28648,762999999999;27001,423999999999
2023-03-24 19:00:00;28711,206999999999;27143,241000000002
2023-03-24 20:00:00;27172,651000000002;25669,092000000001
2023-03-24 21:00:00;25503,838;24119,623
2023-03-24 22:00:00;24032,516;22820,308000000001
2023-03-24 23:00:00;22902,427;21769,474999999999
2023-03-25 00:00:00;22229,157999999999;21158,166000000001
2023-03-25 01:00:00;21878,672999999999;20855,663
2023-03-25 02:00:00;21637,208999999999;20656,713
2023-03-25 03:00:00;21657,512999999999;20692,919000000002
2023-03-25 04:00:00;21985,857;21048,484
2023-03-25 05:00:00;22661,952000000001;21742,996999999999
2023-03-25 06:00:00;23798,087;22865,967000000001
2023-03-25 07:00:00;25402,124;24145,764999999999
2023-03-25 08:00:00;26818,442999999999;24996,827000000001
2023-03-25 09:00:00;27226,505000000001;24930,871999999999
2023-03-25 10:00:00;27055,164000000001;24493,403999999999
2023-03-25 11:00:00;26801,741999999998;24111,303
2023-03-25 12:00:00;26627,269;23907,206999999999
2023-03-25 13:00:00;26189,038;23483,447
2023-03-25 14:00:00;25796,651999999998;23123,289000000001
2023-03-25 15:00:00;25688,984;23107,026999999998
2023-03-25 16:00:00;25856,964;23481,165000000001
2023-03-25 17:00:00;26199,014999999999;24178,798999999999
2023-03-25 18:00:00;27457,266;25809,927
2023-03-25 19:00:00;27648,432000000001;26080,467000000001
2023-03-25 20:00:00;26053,096000000001;24549,537
2023-03-25 21:00:00;24430,944;23046,728999999999
2023-03-25 22:00:00;23053,793000000001;21841,583999999999
2023-03-25 23:00:00;21976,832999999999;20843,881000000001
2023-03-26 00:00:00;21194,442999999999;20123,450000000001
2023-03-26 01:00:00;20820,977999999999;19797,968000000001
2023-03-26 02:00:00;20621,638999999999;19641,144
2023-03-26 03:00:00;20618,151000000002;19653,557000000001
2023-03-26 04:00:00;20825,494999999999;19888,121999999999
2023-03-26 05:00:00;21336,313999999998;20417,359
2023-03-26 06:00:00;22519,419999999998;21587,299999999999
2023-03-26 07:00:00;24540,851999999999;23284,493999999999
2023-03-26 08:00:00;26100,064999999999;24278,449000000001
2023-03-26 09:00:00;26690,005000000001;24394,371999999999
2023-03-26 10:00:00;26594,806;24033,045999999998
2023-03-26 11:00:00;26368,077000000001;23677,637999999999
2023-03-26 12:00:00;26129,611000000001;23409,549999999999
2023-03-26 13:00:00;25699,900000000001;22994,309000000001
2023-03-26 14:00:00;25308,245999999999;22634,883000000002
2023-03-26 15:00:00;25227,100999999999;22645,144
2023-03-26 16:00:00;25572,844000000001;23197,044999999998
2023-03-26 17:00:00;26054,866000000002;24034,649000000001
2023-03-26 18:00:00;27639,842000000001;25992,503000000001
2023-03-26 19:00:00;27833,234;26265,269
2023-03-26 20:00:00;26144,817999999999;24641,258999999998
2023-03-26 21:00:00;24233,781999999999;22849,566999999999
2023-03-26 22:00:00;22654,594000000001;21442,385999999999
2023-03-26 23:00:00;21645,087;20512,135999999999
2023-03-27 00:00:00;21145,308000000001;20074,314999999999
2023-03-27 01:00:00;20963,488000000001;19940,477999999999
2023-03-27 02:00:00;20886,238000000001;19905,742999999999
2023-03-27 03:00:00;21200,673999999999;20236,080000000002
2023-03-27 04:00:00;22612,365000000002;21674,991999999998
2023-03-27 05:00:00;25424,134999999998;24505,18
2023-03-27 06:00:00;27494,220000000001;26562,099999999999
2023-03-27 07:00:00;27339,834999999999;26083,475999999999
2023-03-27 08:00:00;28061,173999999999;26239,558000000001
2023-03-27 09:00:00;28255,920999999998;25960,288
2023-03-27 10:00:00;28446,374;25884,614000000001
2023-03-27 11:00:00;28450,421999999999;25759,984
2023-03-27 12:00:00;28227,987000000001;25507,925999999999
2023-03-27 13:00:00;28103,636999999999;25398,045999999998
2023-03-27 14:00:00;28225,962;25552,598999999998
2023-03-27 15:00:00;28559,813999999998;25977,857
2023-03-27 16:00:00;28699,612000000001;26323,813999999998
2023-03-27 17:00:00;28926,195;26905,977999999999
2023-03-27 18:00:00;30594,077000000001;28946,738000000001
2023-03-27 19:00:00;30517,489000000001;28949,524000000001
2023-03-27 20:00:00;28425,671999999999;26922,112000000001
2023-03-27 21:00:00;26228,629000000001;24844,413
2023-03-27 22:00:00;24337,915000000001;23125,706999999999
2023-03-27 23:00:00;22948,91;21815,958999999999
2023-03-28 00:00:00;22366,473999999998;21295,481
2023-03-28 01:00:00;22134,639999999999;21111,630000000001
2023-03-28 02:00:00;22016,09;21035,595000000001
2023-03-28 03:00:00;22263,509999999998;21298,916000000001
2023-03-28 04:00:00;23452,745999999999;22515,373
2023-03-28 05:00:00;26232,821;25313,866000000002
2023-03-28 06:00:00;27946,218000000001;27014,098000000002
2023-03-28 07:00:00;27747,995999999999;26491,637999999999
2023-03-28 08:00:00;28378,43;26556,812999999998
2023-03-28 09:00:00;28479,359;26183,725999999999
2023-03-28 10:00:00;28570,536;26008,776000000002
2023-03-28 11:00:00;28726,382000000001;26035,942999999999
2023-03-28 12:00:00;28622,576000000001;25902,514999999999
2023-03-28 13:00:00;28454,353999999999;25748,762999999999
2023-03-28 14:00:00;28612,135999999999;25938,773000000001
2023-03-28 15:00:00;28642,563999999998;26060,607
2023-03-28 16:00:00;29156,686000000002;26780,886999999999
2023-03-28 17:00:00;29316,896000000001;27296,68
2023-03-28 18:00:00;30853,072;29205,733
2023-03-28 19:00:00;30628,635999999999;29060,670999999998
2023-03-28 20:00:00;28561,126;27057,566999999999
2023-03-28 21:00:00;26346,248;24962,031999999999
2023-03-28 22:00:00;24571,540000000001;23359,330999999998
2023-03-28 23:00:00;23238,359;22105,407999999999
